hydro_year,n_stations,mean_swe_obs_median,mean_swe_mod_median,mean_swe_obs_mean,mean_swe_mod_mean,mean_swe_djfm_obs_median,mean_swe_djfm_mod_median,mean_swe_djfm_obs_mean,mean_swe_djfm_mod_mean,mean_swe_snow_obs_median,mean_swe_snow_mod_median,mean_swe_snow_obs_mean,mean_swe_snow_mod_mean,max_swe_obs_median,max_swe_mod_median,max_swe_obs_mean,max_swe_mod_mean,dohy_max_obs_median,dohy_max_mod_median,dohy_max_obs_mean,dohy_max_mod_mean,dohy_first_snow_obs_median,dohy_first_snow_mod_median,dohy_first_snow_obs_mean,dohy_first_snow_mod_mean,dohy_last_snow_obs_median,dohy_last_snow_mod_median,dohy_last_snow_obs_mean,dohy_last_snow_mod_mean,snow_duration_obs_median,snow_duration_mod_median,snow_duration_obs_mean,snow_duration_mod_mean,n_snow_weeks_obs_median,n_snow_weeks_mod_median,n_snow_weeks_obs_mean,n_snow_weeks_mod_mean,swe_days_obs_median,swe_days_mod_median,swe_days_obs_mean,swe_days_mod_mean
1987,291,7.151020408163265,8.716260787000001,14.959029032630037,18.02088588944435,22.478571428571428,27.56659955625,42.9992066597491,50.44463861019551,33.47651515151515,36.83934084469697,54.346615237741936,60.727772343868054,63.0,55.790115,89.92199312714776,89.62508709278352,94.0,101.0,99.59027777777777,114.54137931034482,52.0,52.0,54.52777777777778,55.83793103448276,136.0,143.0,137.65277777777777,142.25172413793103,84.0,91.0,83.125,86.41379310344827,11.0,12.0,11.079037800687285,11.862542955326461,2462.5999999999995,3007.0886692,5175.338144329897,6222.124346713565
1988,297,2.79,2.083242325380952,7.485813782616218,5.886862240235213,9.997916666666667,7.202053269205129,21.938532931777416,16.124373725810155,27.8,21.388044716666666,40.66926358493487,30.86531147331321,49.0,33.65872,78.71414141414141,55.04492197272727,135.0,135.0,131.6574394463668,131.89454545454547,86.0,86.0,89.89965397923875,87.14545454545454,142.0,142.0,144.01038062283737,142.45818181818183,49.0,56.0,54.11072664359862,55.31272727272727,5.0,5.0,5.68013468013468,5.68013468013468,952.6999999999999,673.556238145,2529.583164983165,1993.2629666005635
1989,302,0.2958758503401361,0.43565892599,3.9031920514968186,7.403158240517178,0.641875,0.8325488130203571,11.306412332824731,22.325664101055267,12.5,14.571954000000002,24.56695292380908,37.259283701290926,10.45,9.78274275,28.217880794701983,38.90473617794702,49.0,49.0,45.43636363636364,48.86666666666667,21.0,21.0,29.495454545454546,24.5,49.0,49.0,63.82727272727273,74.66666666666667,21.0,35.0,34.33181818181818,50.166666666666664,1.0,2.0,3.013245033112583,4.625827814569536,101.15,152.7811371905,1338.7754966887417,2508.992195558128
1990,303,0.8568627450980393,0.678324942,1.5038267370987635,1.2140705737832345,1.9330882352941177,1.6031620813541667,4.181346912107284,3.3085455400653774,15.299999999999999,10.22177975,17.640564266742974,13.79516153773845,18.4,10.565418,23.808250825082506,17.297530459768975,69.0,41.0,72.00760456273764,50.951492537313435,27.0,27.0,30.93916349809886,28.12313432835821,111.0,76.0,94.2851711026616,81.61567164179104,84.0,42.0,63.346007604562736,53.492537313432834,3.0,3.0,3.1914191419141913,3.3135313531353137,291.90000000000003,240.804917458,493.5,402.5085803582913
1991,301,1.102,1.1545218690574468,2.7748623064865785,2.885815053429822,3.7470588235294118,4.139705523076923,8.734744739170672,9.192214741764182,13.809999999999999,12.652852666666666,17.737053178402533,16.438420772396967,19.3,16.432484,28.164784053156147,24.441725927906976,110.0,68.0,90.71428571428571,80.75767918088737,40.0,40.0,48.80952380952381,48.098976109215016,110.0,110.0,119.23809523809524,121.44368600682594,70.0,70.0,70.42857142857143,73.34470989761093,4.0,4.0,4.897009966777409,5.142857142857143,357.7,391.06926238100004,892.7720930232559,918.6880766815044
1992,303,1.358,1.448025915909091,7.096397972877158,8.842648691485676,3.775,4.533803555555555,18.41487867993328,23.813068779366144,14.6,18.05057909090909,29.080184887400627,35.15437516225902,20.0,19.058302,41.786798679867985,46.01374319273927,60.0,60.0,65.87450980392157,69.2,18.0,39.0,31.862745098039216,33.77142857142857,137.0,116.0,145.89411764705883,122.37142857142857,98.0,77.0,114.03137254901961,88.6,5.0,4.0,6.412541254125412,6.785478547854786,440.29999999999995,445.9919821,2357.53300330033,2902.5687699168216
1993,302,3.8868510638297877,3.366925348777778,5.927421690231462,5.089062478793737,13.373958333333334,11.6699748290625,18.5775962178431,16.040158006086557,23.870833333333334,20.611489236363635,28.37106705879974,23.43585494992816,44.1,34.017994,56.58377483443709,41.016601663675495,121.0,121.0,117.26351351351352,121.33333333333333,44.0,44.0,58.141891891891895,57.76190476190476,135.0,135.0,136.75,136.9047619047619,91.0,91.0,78.60810810810811,79.14285714285714,7.0,8.0,7.956953642384106,8.403973509933774,1267.35,1109.61839324,1992.8884105960267,1713.2830932187367
1994,292,1.2136363636363636,1.3024098323372728,5.94256286962428,6.369914210257172,1.6457013574660633,1.730697243298077,9.543622876503708,10.666969890088286,12.075,11.9497674,18.525338318601474,18.604762829730873,16.75,15.2942955,28.401369863013702,28.110639599267124,29.0,29.0,47.27777777777778,47.675182481751825,22.0,22.0,25.42222222222222,24.273722627737225,64.0,57.0,78.9074074074074,69.13503649635037,35.0,35.0,53.48518518518519,44.86131386861314,3.0,3.0,4.4006849315068495,4.592465753424658,250.25,281.95041250074996,1146.3410958904108,1156.690890761347
1995,270,1.339222222222222,1.2634461564000001,7.442067781954902,7.194231874949221,4.265625,3.7858245341730763,12.725229096702135,12.2685091449952,16.166666666666668,15.05407585,24.517320767355837,23.41720361168433,23.75,20.089731,42.017037037037035,36.460426573911114,77.0,77.0,79.12451361867704,80.2015503875969,56.0,56.0,58.5875486381323,57.872093023255815,84.0,84.0,104.80933852140078,96.07364341085271,28.0,28.0,46.221789883268485,38.201550387596896,4.0,3.0,4.607407407407408,4.562962962962963,408.79999999999995,349.6725808975,1465.8803703703704,1413.7838325798914
1996,301,7.797727272727273,10.441550882222222,14.179672133088566,19.94292154429758,17.980213903743316,21.166196548051943,23.697013373908227,32.6538163739303,22.5,22.184939561538464,27.731642000702163,33.170740144705405,39.2,36.756397,54.11661129568107,52.85159030594684,125.0,132.0,116.52898550724638,117.67844522968198,20.0,6.0,24.31159420289855,24.773851590106005,139.0,146.0,137.6304347826087,141.8939929328622,119.0,133.0,113.31884057971014,117.12014134275618,12.0,14.0,11.13953488372093,12.724252491694353,1662.5000000000002,2097.51933328,2819.8697674418604,3856.726992370656
1997,297,4.963157894736842,5.297850583333333,9.08232119360433,9.08142358772453,12.357142857142856,12.955744631176472,16.88912557186547,17.213125039250396,20.81666666666667,21.845874791666667,24.63277974846282,24.6984976034879,30.8,28.697374,40.155892255892255,33.87738202959596,81.0,88.0,82.76190476190476,85.5952380952381,53.0,39.0,44.714285714285715,42.92857142857143,109.0,102.0,132.23809523809524,115.19047619047619,77.0,63.0,87.52380952380952,72.26190476190476,8.0,9.0,9.437710437710438,9.407407407407407,1259.2999999999997,1305.63912451,1838.5040404040403,1811.400201049406
1998,285,0.8235294117647058,0.7306561157894736,2.3615149605252674,1.9396114651874274,1.8741666666666668,1.7940905532339366,4.130794658628907,3.4184725987222593,10.05,9.074036166666668,13.301132523624624,10.742508640603702,10.5,9.431257,16.22175438596491,12.603128879933333,94.0,94.0,89.0352422907489,74.86266094420601,38.0,38.0,54.00440528634361,46.472103004291846,101.0,101.0,108.86343612334802,99.01716738197425,63.0,56.0,54.859030837004404,52.5450643776824,3.0,3.0,3.0456140350877194,3.049122807017544,179.90000000000003,172.4724862,425.64912280701753,338.7935848635233
1999,282,2.9292717086834736,2.206875658585,11.720853728123924,11.323696467593235,7.668749999999999,6.130356766928571,21.854708719176806,21.124714344839656,17.57142857142857,15.9077205,28.369552822552784,26.957942513322543,29.55,25.648513,57.38652482269504,49.97532868297873,110.5,114.0,107.85611510791367,107.18081180811808,23.0,37.0,42.76618705035971,42.96678966789668,121.0,121.0,120.39568345323741,119.65682656826569,91.0,84.0,77.62949640287769,76.69003690036901,6.0,5.0,7.180851063829787,6.783687943262412,721.7,621.4983843425,2412.6170212765956,2368.8105871107086
2000,279,3.909090909090909,4.945703219047619,12.845964516237284,13.768405418200484,11.814285714285715,12.790872341785715,25.23709417286979,29.44884082090844,23.077083333333334,25.075746285714285,34.88091509854328,37.02717204239849,36.2,43.929382,59.89856630824373,63.34561422017921,85.0,85.0,81.4186046511628,86.75645756457564,50.0,50.0,46.5,46.693726937269375,127.0,113.0,114.62790697674419,113.82656826568265,77.0,63.0,68.12790697674419,67.13284132841328,7.0,7.0,7.082437275985663,7.580645161290323,1031.7999999999997,1122.8473542860002,2748.3129032258066,3222.3580819201406
2001,277,2.092156862745098,2.1482089419444446,4.210721747585866,4.23134632605727,5.488961038961039,5.1476706006295245,9.290462772166736,9.429003624999899,14.766666666666666,14.683383,18.318618204761627,18.04990160079595,21.4,19.888752,30.63682310469314,26.61747004695307,97.0,97.0,96.37078651685393,90.58555133079848,62.0,62.0,66.69288389513109,66.33840304182509,118.0,118.0,116.11235955056179,109.48288973384031,56.0,35.0,49.41947565543071,43.14448669201521,4.0,4.0,4.884476534296029,4.833935018050542,406.69999999999993,412.92984320000005,875.7050541516245,838.5471593035259
2002,278,4.904,5.255406097959183,10.93926485133778,12.567898533816548,15.29965034965035,15.059214853991595,26.654275903453062,29.962814603103247,32.7625,32.8771688,41.83728979199056,43.31061260253298,47.45,46.876037,71.1021582733813,67.86404770215827,75.0,75.0,70.6028880866426,76.23826714801444,47.0,40.0,41.768953068592054,41.415162454873645,117.0,82.0,108.7870036101083,104.76895306859205,63.0,42.0,67.01805054151625,63.35379061371841,7.0,7.0,7.482014388489208,7.651079136690647,1524.95,1509.357472105,2905.8510791366907,3245.178774565324
2003,303,1.6913043478260872,1.728101535319149,4.287678483764079,4.831562787505046,5.833333333333333,6.047670134615386,12.966892207778201,14.889764706006527,17.01527777777778,14.783697871428572,23.394010792592255,23.038474691887604,22.2,21.262806,34.84125412541254,34.07420887394191,102.0,102.0,93.01079136690647,85.34482758620689,53.0,53.0,57.53237410071942,51.98620689655172,116.0,116.0,127.65827338129496,114.69655172413793,56.0,63.0,70.12589928057554,62.710344827586205,4.0,5.0,5.864686468646864,6.376237623762377,539.6999999999999,532.424500776,1389.1280528052805,1546.2372084694318
2004,303,3.2311111111111113,2.7895279086,7.205653906147424,7.485731116076406,12.515384615384615,10.790392045454546,22.585116864519893,23.20591583146934,23.714285714285715,19.506198125,32.828533407722105,31.59527357731997,39.5,30.82666,58.264686468646865,50.30553299669967,87.0,87.0,94.37966101694916,91.52380952380952,66.0,66.0,62.72542372881356,62.976190476190474,129.0,129.0,127.69491525423729,130.04761904761904,63.0,63.0,64.96949152542373,67.07142857142857,7.0,6.0,7.333333333333333,7.333333333333333,1036.7,878.7012912090001,2411.273597359736,2492.597125880017
2005,303,6.374509803921569,4.95216778047619,13.36665462340253,14.643258985541966,17.72142857142857,12.621263725333334,34.84784202860062,35.21109133877392,33.416666666666664,24.693508925000003,47.138551674245534,41.41903618511278,64.3,41.616936,94.07755775577557,77.93065674521452,134.0,134.0,129.98666666666668,128.5016501650165,22.0,50.0,51.33,56.584158415841586,134.0,134.0,136.56666666666666,137.62706270627064,112.0,84.0,85.23666666666666,81.04290429042905,8.0,8.0,8.75907590759076,9.204620462046204,1855.7000000000003,1391.290448478,3904.2511551155117,4115.645065165883
2006,303,17.681250000000002,20.911654406000004,25.91781687104373,29.42794473656516,51.973333333333336,61.72143641666667,69.98027582681776,80.04908390514306,52.00147058823529,55.84230750625,66.9685941244208,73.93523818682566,93.0,96.78229,123.30660066006601,122.27504163960397,126.0,133.0,119.23178807947019,122.01324503311258,21.0,21.0,31.894039735099337,30.294701986754966,147.0,147.0,142.59602649006624,144.0794701986755,119.0,119.0,110.70198675496688,113.78476821192054,16.0,17.0,14.432343234323433,15.214521452145215,5633.6,6793.214980299999,8361.53696369637,9576.355523460077
2007,297,0.5076923076923077,0.4986221090384616,1.8157534686416676,1.4399727130493174,1.5384615384615385,1.503086781764706,4.768019981795234,4.003129800163686,23.0,19.026710333333334,25.822716971452714,20.80868728660194,24.0,20.254612,28.59360269360269,23.241139967188552,90.0,90.0,92.23574144486692,92.19923371647509,90.0,90.0,85.8212927756654,83.53639846743295,90.0,90.0,109.45627376425855,109.39080459770115,0.0,0.0,23.634980988593156,25.8544061302682,1.0,1.0,1.7811447811447811,2.0707070707070705,175.0,166.60268793,478.55016835016835,397.6086877299687
2008,299,0.5224489795918368,0.7553109795652174,2.986461246650751,3.9523074559336484,0.6425480769230769,0.8778356198351649,5.633190141272949,8.17170968919388,13.0,12.662432745833334,19.087826901414473,20.393677003548788,12.6,13.92029,22.505685618729096,25.897205423377926,19.0,19.0,42.75757575757576,35.296875,12.0,12.0,24.87878787878788,23.78515625,68.0,68.0,83.75757575757575,82.984375,56.0,56.0,58.878787878787875,59.19921875,2.0,3.0,3.5050167224080266,4.153846153846154,174.29999999999998,243.21013542000003,911.4538461538461,1238.60235307167
2009,303,2.4466666666666668,2.171421367708333,7.227136855847603,6.699623127635894,7.723529411764707,6.247064841764706,19.261851133804395,18.03497852681438,21.0,15.959780797619047,29.767682351200467,25.031021934634893,41.0,28.782627,63.733003300330026,47.54796094653465,115.0,115.0,115.1719298245614,115.44055944055944,24.0,24.0,50.1578947368421,48.30419580419581,122.0,122.0,157.5157894736842,164.7097902097902,91.0,98.0,107.3578947368421,116.4055944055944,6.0,6.0,7.32013201320132,7.729372937293729,819.6999999999999,691.1494838254999,2398.7475247524753,2244.035853295739
2010,302,8.447,8.106907992138776,10.861160288087481,9.910235430150161,28.55083333333333,27.523374830952378,34.09838157662685,30.891133514939437,45.33,42.689747448051946,47.97212234712628,43.67115973117739,70.95,61.561554,80.35529801324503,65.88104874503311,107.0,107.0,108.47491638795987,110.26666666666667,51.0,65.0,55.65886287625418,55.57333333333333,135.0,135.0,129.2876254180602,130.94,77.0,63.0,73.62876254180603,75.36666666666666,10.0,10.0,9.963576158940397,10.04635761589404,2925.3,2833.2977873199998,3572.271523178808,3237.9941181743916
2011,303,4.2823529411764705,5.212656408333333,7.317894591858509,7.979142896659452,14.044102564102564,17.28805981080952,23.190849259060204,25.92342365077701,27.012499999999996,31.728069825,34.860739336912445,38.36066873628982,46.8,51.777256,59.37788778877888,61.5119094679868,50.0,57.0,54.72147651006711,56.97666666666667,29.0,29.0,29.916107382550337,29.91,92.0,92.0,94.16107382550335,94.33333333333333,63.0,63.0,64.24496644295301,64.42333333333333,8.0,8.0,8.125412541254125,8.646864686468646,1515.5,1872.685144281,2491.191419141914,2756.238301635864
2012,303,1.262,0.8155938916,9.009117311549241,8.41460300565305,3.9466666666666668,2.550709307692308,25.528670822560603,23.61302562503283,20.141666666666666,18.877447708333335,42.28844395017531,39.12607859969228,21.5,14.200592,61.639933993399346,48.98230899019802,112.0,112.0,125.43548387096774,134.858407079646,77.0,77.0,83.52016129032258,92.23893805309734,140.0,364.0,234.47177419354838,244.65929203539824,91.0,101.5,150.9516129032258,152.4203539823009,4.0,3.0,5.336633663366337,5.3003300330033,431.90000000000003,268.76224162200003,2918.413201320132,2748.5882065413402
2013,302,2.985869565217391,2.5397157429591832,6.46264587362275,6.808658697961987,10.6,9.389248298613332,18.065599483274635,19.119126842177362,19.64761904761905,16.3452005,26.732223156092275,25.569519662856198,37.1,27.456462000000002,49.39801324503311,42.909900001986756,117.0,117.0,111.00333333333333,101.18604651162791,40.0,40.0,48.376666666666665,46.0,152.0,138.0,137.95333333333335,137.48837209302326,84.0,91.0,89.57666666666667,91.48837209302326,7.0,7.0,8.407284768211921,8.672185430463577,961.8000000000001,839.92067145,2110.88940397351,2252.7910637768878
2014,301,0.11372549019607843,0.13682157158,0.7986011166620014,0.5560046251971553,0.35294117647058826,0.421571,2.3307520800644212,1.6485465774071355,9.3,8.628626,13.967026743227724,12.432891547187989,5.1,4.589557,11.598671096345514,9.382562926297009,88.0,88.0,71.89542483660131,69.0354609929078,88.0,88.0,65.3529411764706,63.3758865248227,95.0,95.0,93.62745098039215,86.26241134751773,7.0,7.0,28.274509803921568,22.886524822695037,1.0,0.0,1.4916943521594683,1.2790697674418605,40.6,47.215951999999994,249.2,178.60346592406907
2015,303,0.7553191489361702,0.7634314101780001,2.7423013961473797,2.465770954919797,2.425339366515837,2.5090599284047617,7.600740507193322,7.365779950152246,13.299999999999999,12.6990328875,19.33263984509466,17.85540661649393,15.6,13.417864,24.97326732673267,20.683940867445546,101.0,101.0,91.72289156626506,92.68376068376068,66.0,66.0,67.7429718875502,63.27777777777778,101.0,108.0,106.81927710843374,108.6880341880342,35.0,42.0,39.07630522088353,45.41025641025641,3.0,3.0,3.8052805280528053,3.8745874587458746,260.40000000000003,267.2009935623,854.6676567656766,795.0179038549816
2016,303,0.397872340425532,0.3008032649,1.37854566905438,1.234294342673603,1.21875,0.9366356123529412,4.233755283333763,3.8721663745486445,12.9,9.750113475,16.80413403908217,14.12421385679697,13.0,7.211611,20.083498349834983,14.480944575478548,86.0,86.0,85.6804979253112,89.0050505050505,79.0,79.0,72.87136929460581,70.79797979797979,86.0,86.0,92.88381742738589,100.77777777777777,7.0,7.0,20.012448132780083,29.97979797979798,2.0,1.0,2.1716171617161715,2.0792079207920793,138.6,108.222639,458.08877887788776,415.9921574437228
2017,303,3.2551020408163267,2.381902386153846,5.833829493087965,4.2581895257986115,10.400000000000002,7.584420714117648,18.045195231788856,13.283934333091048,25.814285714285713,19.21385957142857,33.33776106032345,24.947630291056758,32.6,21.43727,46.03663366336634,30.25643869465346,98.0,98.0,91.07070707070707,94.82971014492753,70.0,70.0,61.986531986531986,58.66304347826087,105.0,105.0,108.65319865319866,109.18478260869566,35.0,42.0,46.666666666666664,50.52173913043478,6.0,6.0,6.481848184818482,6.227722772277228,1131.8999999999999,827.2284514746,1936.992409240924,1409.7302472434542
2018,302,0.7894021739130435,0.7876842546445035,4.0187533964258275,4.453172750003193,3.05,2.845447927272727,11.56880485383832,12.890044570097631,12.4,10.625666833333332,20.29439793662717,20.48541584183595,14.95,11.331392000000001,27.224172185430465,24.7457142664298,83.0,83.0,85.548,85.88571428571429,48.0,41.0,50.604,49.714285714285715,125.0,125.0,121.416,116.54285714285714,63.0,77.0,70.812,66.82857142857142,3.0,3.0,4.430463576158941,4.695364238410596,262.5,258.923731332,1322.8354304635761,1451.363720802722
2019,301,1.2133333333333334,0.9755198384489794,7.9829732700289835,7.033431958806045,4.529999999999999,3.4178691792619045,23.59171515246736,21.133421943844,20.83,16.367508142857144,37.73968408775201,32.63293281975553,25.5,18.865498,56.90166112956811,46.61185475335548,96.0,96.0,91.19932432432432,89.54035087719298,47.0,47.0,65.51689189189189,64.2421052631579,103.0,96.0,103.47297297297297,104.44912280701755,42.0,42.0,37.95608108108108,40.20701754385965,3.0,3.0,4.973421926910299,4.880398671096345,390.59999999999997,325.28135752000003,2419.5441860465116,2162.2447719521238
2020,303,0.0,0.045764559591836736,0.8728410418608796,0.45862535929506937,0.0,0.14054480823529414,2.3986325826883483,1.429170990043597,10.233333333333333,7.6130362,16.470033156606192,10.756404276310839,0.0,1.6789765,7.843234323432343,5.328315951233663,81.0,81.0,96.25842696629213,86.83333333333333,81.0,81.0,72.34831460674157,75.02083333333333,102.0,88.0,110.41573033707866,100.25,21.0,7.0,38.06741573033708,25.229166666666668,0.0,0.0,1.0891089108910892,1.023102310231023,0.0,15.69724394,247.12541254125412,139.93179622444987
2021,303,1.5980769230769232,1.44809730372549,3.8535771314897715,3.259245652792891,5.15,4.773657829333333,11.597999147038168,10.171027726103922,16.166666666666664,14.418061976190476,23.28795555661994,20.17705412405484,25.5,19.92906,36.76765676567657,31.254456640056105,93.0,93.0,92.08904109589041,95.20805369127517,72.0,72.0,70.08219178082192,71.83557046979865,107.0,107.0,116.06164383561644,114.07046979865771,35.0,35.0,45.97945205479452,42.23489932885906,5.0,5.0,5.468646864686469,5.4950495049504955,536.2,504.34789997900003,1237.3481848184817,1041.9575043882608
2022,303,0.572093023255814,0.5633681990666667,3.345762749596904,2.8732785343428886,1.4545454545454546,1.6705892123076926,9.284788436126526,8.436464683324967,11.025,11.234838750000002,19.473812036960037,17.721611328787734,12.5,11.985816,28.533333333333335,23.63967363019241,57.0,43.0,65.24193548387096,60.166666666666664,29.0,29.0,36.818548387096776,36.52777777777778,85.0,85.0,87.17338709677419,81.08333333333333,49.0,42.0,50.354838709677416,44.55555555555556,2.0,2.0,3.815181518151815,3.953795379537954,184.79999999999998,188.91095321000003,1047.7475247524753,917.9716326302567
2023,303,0.8604166666666666,0.5536890307843138,2.133289516951032,1.6149920902764303,2.742857142857143,1.7329667353846157,6.32431814332586,4.8405299535970965,13.65,11.991627,17.419170015807946,14.25003624880768,18.5,12.058963,28.904290429042906,20.51305899130033,49.0,49.0,68.96206896551725,69.21621621621621,49.0,49.0,46.12758620689655,45.351351351351354,91.0,91.0,92.27931034482759,89.16216216216216,42.0,42.0,46.15172413793103,43.810810810810814,3.0,3.0,3.759075907590759,3.4653465346534653,282.8,188.456342676,674.8369636963697,515.8382992794969
2024,301,1.2235294117647058,1.2898440402083333,2.1562142006829066,2.7409740654591346,3.5928571428571425,3.771263774,6.099705406475487,8.07790817203651,20.0625,22.366730999999998,23.058288677063675,26.115247543030787,28.8,30.261305,34.33421926910299,37.28618870598007,34.0,34.0,38.34,39.13953488372093,34.0,34.0,30.523333333333333,30.930232558139537,55.0,48.0,65.61666666666666,62.41860465116279,28.0,21.0,35.093333333333334,31.488372093023255,3.0,3.0,3.4617940199335546,3.627906976744186,417.2,433.38759751000003,699.0441860465116,897.6295558585997
2025,290,0.15714285714285714,0.25367163282934396,1.6984010484423215,1.4568856902911311,0.5133333333333333,0.8386352257142856,5.2301618159301855,4.538579626387814,12.0,10.131713,17.72118461929489,14.055082238975361,6.5,7.04170865,15.25896551724138,13.047889913326207,74.0,81.0,80.61349693251533,79.35754189944134,67.0,67.0,61.28834355828221,60.82122905027933,109.0,109.0,100.02453987730061,103.1731843575419,42.0,42.0,38.736196319018404,42.35195530726257,1.0,1.0,2.4413793103448276,2.6482758620689655,51.8,84.16781133949999,566.2613793103448,483.5084312916589
