period,threshold_mm,n_station_years,duration_obs_d,duration_mod_d,duration_bias_d,onset_bias_d,meltout_bias_d,weeks_obs,weeks_mod,weeks_bias,hy_obs_snowfree_mod_snow,hy_obs_snow_mod_snowfree
1956-2025,0.5,3751,72.1,106.6,34.5,-11.65,22.86,7.18,9.61,2.43,341,2
1956-2025,1.0,3745,71.7,96.3,24.61,-8.97,15.64,7.14,9.12,1.98,315,6
1956-2025,2.0,3725,70.6,86.4,15.73,-6.01,9.72,7.02,8.59,1.57,288,20
1956-2025,5.0,3509,66.0,74.7,8.71,-3.75,4.96,6.7,7.97,1.28,296,107
1956-2025,10.0,3002,58.5,65.5,6.93,-3.66,3.28,6.28,7.63,1.35,340,205
1956-2025,20.0,2057,50.0,59.7,9.7,-3.65,6.05,6.06,7.76,1.7,466,286
1966-2025,0.5,9679,74.2,100.7,26.53,-10.68,15.85,7.23,9.08,1.85,866,9
1966-2025,1.0,9656,74.0,90.6,16.6,-7.69,8.92,7.2,8.6,1.4,750,28
1966-2025,2.0,9595,72.8,81.2,8.38,-4.53,3.85,7.08,8.08,1.0,636,64
1966-2025,5.0,9043,68.1,69.4,1.29,-1.81,-0.52,6.77,7.44,0.66,538,337
1966-2025,10.0,7638,59.8,60.3,0.52,-1.21,-0.69,6.41,7.06,0.65,578,790
1966-2025,20.0,5127,51.0,53.6,2.64,-0.45,2.19,6.25,7.14,0.89,778,1130
1976-2025,0.5,10382,75.5,98.2,22.7,-9.99,12.71,7.34,8.96,1.62,634,12
1976-2025,1.0,10355,75.2,88.6,13.34,-7.14,6.21,7.31,8.5,1.19,539,36
1976-2025,2.0,10294,74.1,80.0,5.93,-4.04,1.89,7.21,8.0,0.79,445,76
1976-2025,5.0,9696,69.4,68.8,-0.67,-1.44,-2.11,6.93,7.37,0.45,383,377
1976-2025,10.0,8303,60.6,58.9,-1.71,-0.91,-2.63,6.51,6.9,0.39,452,827
1976-2025,20.0,5692,51.2,51.3,0.12,-0.19,-0.06,6.26,6.86,0.6,723,1290
1986-2025,0.5,10626,72.8,95.8,23.04,-10.06,12.98,6.94,8.5,1.56,647,16
1986-2025,1.0,10594,72.7,85.8,13.14,-7.07,6.07,6.94,8.04,1.1,542,43
1986-2025,2.0,10515,72.0,77.8,5.82,-3.64,2.17,6.89,7.58,0.69,437,99
1986-2025,5.0,9821,68.3,66.8,-1.53,-0.58,-2.1,6.76,7.06,0.3,361,455
1986-2025,10.0,8203,60.7,58.0,-2.78,-0.4,-3.18,6.55,6.82,0.26,439,981
1986-2025,20.0,5582,53.3,52.2,-1.07,-0.17,-1.24,6.56,7.04,0.47,671,1329
