period,threshold_mm,elev_band,n_stations,duration_obs_d,duration_bias_d
1976-2025,0.5,0-400 m,83,58.9,23.89
1976-2025,0.5,400-600 m,113,70.5,23.51
1976-2025,0.5,600-800 m,32,109.5,18.16
1976-2025,0.5,800-1000 m,4,129.8,28.15
1976-2025,0.5,1000-+ m,3,209.9,6.9
1976-2025,1.0,0-400 m,83,58.5,15.06
1976-2025,1.0,400-600 m,113,70.2,14.18
1976-2025,1.0,600-800 m,32,109.2,8.35
1976-2025,1.0,800-1000 m,4,129.6,15.28
1976-2025,1.0,1000-+ m,3,208.8,-5.86
1976-2025,2.0,0-400 m,83,56.9,7.81
1976-2025,2.0,400-600 m,113,69.3,7.02
1976-2025,2.0,600-800 m,32,108.2,0.37
1976-2025,2.0,800-1000 m,4,129.2,3.72
1976-2025,2.0,1000-+ m,3,204.9,-14.1
1976-2025,5.0,0-400 m,83,51.9,3.05
1976-2025,5.0,400-600 m,113,64.2,0.31
1976-2025,5.0,600-800 m,32,102.7,-8.06
1976-2025,5.0,800-1000 m,4,125.1,-6.64
1976-2025,5.0,1000-+ m,3,194.0,-26.9
1976-2025,10.0,0-400 m,83,43.8,2.53
1976-2025,10.0,400-600 m,113,53.5,0.11
1976-2025,10.0,600-800 m,32,91.5,-10.5
1976-2025,10.0,800-1000 m,4,111.8,-5.69
1976-2025,10.0,1000-+ m,3,174.6,-32.57
1976-2025,20.0,0-400 m,83,34.4,5.88
1976-2025,20.0,400-600 m,113,41.7,1.95
1976-2025,20.0,600-800 m,32,75.4,-9.2
1976-2025,20.0,800-1000 m,4,89.7,14.18
1976-2025,20.0,1000-+ m,3,147.0,-27.38
