station_id,n_active_seasons,coverage,first_active,last_active,max_gap_seasons,median_obs,min_obs,max_obs,cv_obs,n_seasons_any_obs,ok_coverage,ok_gap,ok_starts_early,ok_ends_late,ok_density,ok_stability,selected,fail_reasons,period,n_seasons_in_period,station_name,latitude,longitude,elevation_m
0-20000-0-11787,49,1.0,1976.0,2024.0,0,25.0,16.0,26.0,0.08842207340620771,49,True,True,True,True,True,True,True,,1976-2025,49,Lysá hora,49.546111,18.4475,1322.03
0-20000-0-11457,49,1.0,1976.0,2024.0,0,23.0,17.0,26.0,0.08737475377203248,49,True,True,True,True,True,True,True,,1976-2025,49,Churáňov,49.068333,13.615278,1117.8
0-203-0-10801005002,49,1.0,1976.0,2024.0,0,24.0,18.0,26.0,0.07173211065772077,49,True,True,True,True,True,True,True,,1976-2025,49,Filipova Huť,49.0298283,13.5197133,1110.0
0-203-0-10601011001,49,1.0,1976.0,2024.0,0,22.0,13.0,26.0,0.14531893546652352,49,True,True,True,True,True,True,True,,1976-2025,49,Borová Lada,48.99055,13.661958,898.0
0-203-0-10801028001,47,0.9591836734693877,1976.0,2024.0,2,23.0,19.0,26.0,0.0902707241927895,47,True,True,True,True,True,True,True,,1976-2025,49,Prášily,49.1069,13.3786,883.0
0-203-0-11453,49,1.0,1976.0,2024.0,0,22.0,12.0,26.0,0.1616635236074649,49,True,True,True,True,True,True,True,,1976-2025,49,Hojsova Stráž,49.212473,13.197146,866.0
0-20000-0-11464,48,0.9795918367346939,1976.0,2024.0,1,20.0,11.0,26.0,0.17394789647186315,49,True,True,True,True,True,True,True,,1976-2025,49,Milešovka,50.555,13.93083,830.5
0-203-0-10601050001,49,1.0,1976.0,2024.0,0,23.0,13.0,26.0,0.15800815335878365,49,True,True,True,True,True,True,True,,1976-2025,49,Stožec,48.8570531,13.8217247,797.0
0-203-0-11644,49,1.0,1976.0,2024.0,0,24.0,16.0,26.0,0.11148690280977158,49,True,True,True,True,True,True,True,,1976-2025,49,Benecko,50.6713,15.5499,780.0
0-203-0-11602,48,0.9795918367346939,1976.0,2024.0,1,21.0,11.0,26.0,0.14218537602538328,49,True,True,True,True,True,True,True,,1976-2025,49,Bedřichov,50.81511,15.13708,777.0
0-203-0-20202005001,49,1.0,1976.0,2024.0,0,20.0,10.0,26.0,0.17148301798231078,49,True,True,True,True,True,True,True,,1976-2025,49,Malá Morávka  Karlov,50.025278,17.259444,775.0
0-203-0-20201004001,48,0.9795918367346939,1976.0,2024.0,1,23.0,13.0,26.0,0.13772083983135974,49,True,True,True,True,True,True,True,,1976-2025,49,Vidly,50.1056,17.2717,774.0
0-203-0-20301001001,47,0.9591836734693877,1976.0,2024.0,2,24.0,16.0,26.0,0.09344669137636011,47,True,True,True,True,True,True,True,,1976-2025,49,Bílá  Hlavatá,49.421292,18.37984,770.0
0-20000-0-11766,49,1.0,1976.0,2024.0,0,22.0,16.0,26.0,0.10336947754225546,49,True,True,True,True,True,True,True,,1976-2025,49,Červená,49.777222,17.541944,748.13
0-20000-0-11423,49,1.0,1976.0,2024.0,0,21.0,12.0,25.0,0.1608250371066138,49,True,True,True,True,True,True,True,,1976-2025,49,Přimda,49.669444,12.678056,742.76
0-203-0-20404085001,47,0.9591836734693877,1978.0,2024.0,2,23.0,12.0,26.0,0.12583656017244377,48,True,True,True,True,True,True,True,,1976-2025,49,Ostružná  Ramzová,50.197223,17.065201,740.0
0-203-0-11503029001,47,0.9591836734693877,1976.0,2024.0,1,22.0,10.0,25.0,0.17179664747999146,49,True,True,True,True,True,True,True,,1976-2025,49,Český Jiřetín  Fláje,50.68706,13.58558,740.0
0-203-0-10802017001,48,0.9795918367346939,1976.0,2024.0,1,21.0,10.0,26.0,0.15884002597495914,49,True,True,True,True,True,True,True,,1976-2025,49,Vacov  Peckov,49.1352075,13.7263994,738.0
0-20000-0-11683,45,0.9183673469387755,1978.0,2024.0,2,20.0,11.0,26.0,0.2089477802185145,49,True,True,True,True,True,True,True,,1976-2025,49,Svratouch,49.735,16.034167,734.0
0-203-0-10801069001,49,1.0,1976.0,2024.0,0,21.0,15.0,26.0,0.12162606385262999,49,True,True,True,True,True,True,True,,1976-2025,49,Čachrov,49.264136,13.301694,729.0
0-203-0-11793,47,0.9591836734693877,1976.0,2022.0,2,21.0,14.0,25.0,0.09835190605009884,48,True,True,True,True,True,True,True,,1976-2025,49,Bílá  Salajka,49.4132897,18.4206592,725.0
0-203-0-11685,49,1.0,1976.0,2024.0,0,20.0,11.0,25.0,0.14359707769981928,49,True,True,True,True,True,True,True,,1976-2025,49,Nedvězí,49.6344,16.3097,722.0
0-203-0-11102036001,49,1.0,1976.0,2024.0,0,23.0,14.0,25.0,0.11433522368111951,49,True,True,True,True,True,True,True,,1976-2025,49,Bezvěrov,49.993664,13.054363,699.0
0-203-0-11413,47,0.9591836734693877,1976.0,2024.0,2,21.0,10.0,26.0,0.2195886235413769,48,True,True,True,True,True,True,True,,1976-2025,49,Mariánské Lázně  vodárna,49.990619,12.695966,696.0
0-203-0-10602014001,48,0.9795918367346939,1976.0,2024.0,1,22.0,10.0,25.0,0.1386935080717867,49,True,True,True,True,True,True,True,,1976-2025,49,Malonty,48.6854828,14.5802869,694.0
0-203-0-11401,45,0.9183673469387755,1977.0,2024.0,2,22.0,11.0,26.0,0.20109685362837978,49,True,True,True,True,True,True,True,,1976-2025,49,Aš,50.220602,12.179572,675.0
0-203-0-11001058001,49,1.0,1976.0,2024.0,0,22.0,13.0,26.0,0.14973705642401883,49,True,True,True,True,True,True,True,,1976-2025,49,Tři Sekery,49.943647,12.616463,672.0
0-203-0-20201038001,48,0.9795918367346939,1976.0,2024.0,1,22.0,12.0,26.0,0.15467960838455727,48,True,True,True,True,True,True,True,,1976-2025,49,Heřmanovice,50.1985,17.3816,665.0
0-203-0-11674,46,0.9387755102040817,1978.0,2024.0,2,23.0,10.0,26.0,0.18773220862530382,47,True,True,True,True,True,True,True,,1976-2025,49,Deštné v Orlic. horách,50.306667,16.351959,656.0
0-203-0-10601188001,47,0.9591836734693877,1976.0,2024.0,1,20.0,15.0,25.0,0.12739132719155907,49,True,True,True,True,True,True,True,,1976-2025,49,Přídolí,48.7814842,14.3564461,653.0
0-203-0-11703,49,1.0,1976.0,2024.0,0,23.0,13.0,26.0,0.11228320211604609,49,True,True,True,True,True,True,True,,1976-2025,49,Staré Město pod Sněžníkem  Kunčice,50.1925131,16.943146,649.0
0-203-0-10802009001,49,1.0,1976.0,2024.0,0,20.0,10.0,26.0,0.17027743411918125,49,True,True,True,True,True,True,True,,1976-2025,49,Vimperk,49.0657822,13.7824278,637.0
0-203-0-11502020001,47,0.9591836734693877,1976.0,2024.0,2,21.0,11.0,25.0,0.17808775307079164,49,True,True,True,True,True,True,True,,1976-2025,49,Petrovice  Krásný Les,50.767361,13.937667,631.0
0-203-0-41601028001,48,0.9795918367346939,1976.0,2024.0,1,23.0,13.0,25.0,0.126588732456313,49,True,True,True,True,True,True,True,,1976-2025,49,Šimanov,49.4614,15.4486,630.0
0-203-0-11528,49,1.0,1976.0,2024.0,0,21.0,14.0,25.0,0.13023122011636898,49,True,True,True,True,True,True,True,,1976-2025,49,Nadějkov  Větrov,49.5169,14.4653,616.0
0-203-0-11301161001,49,1.0,1976.0,2024.0,0,23.0,16.0,26.0,0.11392408589265472,49,True,True,True,True,True,True,True,,1976-2025,49,Nejdek,50.335684,12.715486,609.0
0-20000-0-11414,46,0.9387755102040817,1978.0,2024.0,2,22.5,10.0,26.0,0.1809535338593986,47,True,True,True,True,True,True,True,,1976-2025,49,Karlovy Vary  Olšová Vrata,50.201667,12.914167,603.0
0-203-0-41501076001,48,0.9795918367346939,1976.0,2024.0,1,24.0,13.0,26.0,0.1368458790993248,48,True,True,True,True,True,True,True,,1976-2025,49,Nové Město na Moravě,49.5581,16.0689,601.0
0-203-0-11401004201,46,0.9387755102040817,1976.0,2024.0,1,22.0,13.0,26.0,0.1470111229498836,49,True,True,True,True,True,True,True,,1976-2025,49,Boleboř,50.537395,13.415082,600.0
0-203-0-10601176001,47,0.9591836734693877,1976.0,2024.0,1,22.0,13.0,26.0,0.13304467022499902,49,True,True,True,True,True,True,True,,1976-2025,49,Chvalšiny,48.854722,14.208611,592.0
0-203-0-10805047001,48,0.9795918367346939,1976.0,2024.0,1,23.0,16.0,26.0,0.08490885001994784,49,True,True,True,True,True,True,True,,1976-2025,49,Střezimíř,49.5381,14.6181,588.0
0-203-0-20404063001,46,0.9387755102040817,1976.0,2024.0,2,22.5,10.0,26.0,0.16107039116160415,49,True,True,True,True,True,True,True,,1976-2025,49,Bělá pod Pradědem  Filipovice,50.1464278,17.2064242,588.0
0-203-0-10702020001,47,0.9591836734693877,1976.0,2023.0,1,23.0,12.0,26.0,0.10356563584846049,48,True,True,True,True,True,True,True,,1976-2025,49,Nová Bystřice,49.0190528,15.0986103,583.0
0-203-0-10703036001,46,0.9387755102040817,1976.0,2023.0,1,22.0,11.0,26.0,0.1835940871542005,48,True,True,True,True,True,True,True,,1976-2025,49,Strmilov,49.1630636,15.2067203,582.0
0-203-0-11102028001,49,1.0,1976.0,2024.0,0,22.0,12.0,26.0,0.14778854254341572,49,True,True,True,True,True,True,True,,1976-2025,49,Verušičky,50.140984,13.172377,582.0
0-203-0-11583,47,0.9591836734693877,1976.0,2024.0,1,21.0,14.0,26.0,0.13526111776802568,49,True,True,True,True,True,True,True,,1976-2025,49,Černovice  Dobešov,49.3575,14.9625,580.0
0-203-0-10704094001,48,0.9795918367346939,1976.0,2024.0,1,22.0,18.0,26.0,0.08874303580963766,49,True,True,True,True,True,True,True,,1976-2025,49,Jistebnice,49.484444,14.529167,580.0
0-203-0-41601022101,47,0.9591836734693877,1976.0,2024.0,1,24.0,10.0,26.0,0.15761338181269358,49,True,True,True,True,True,True,True,,1976-2025,49,Třešť,49.293889,15.476111,574.0
0-203-0-11101047001,48,0.9795918367346939,1976.0,2024.0,1,22.0,14.0,26.0,0.13117433272799817,49,True,True,True,True,True,True,True,,1976-2025,49,Úněšov  Číhaná,49.894104,13.128163,573.0
0-203-0-41502083001,47,0.9591836734693877,1976.0,2023.0,1,23.0,11.0,26.0,0.14471165196946814,49,True,True,True,True,True,True,True,,1976-2025,49,Rozstání,49.398026,16.835258,571.0
0-203-0-11102023001,49,1.0,1976.0,2024.0,0,22.0,10.0,26.0,0.1732359677267592,49,True,True,True,True,True,True,True,,1976-2025,49,Žlutice,50.09822,13.160412,569.0
0-20000-0-11636,46,0.9387755102040817,1978.0,2024.0,2,22.5,14.0,26.0,0.13356070812528714,47,True,True,True,True,True,True,True,,1976-2025,49,Kostelní Myslová,49.159167,15.439167,569.0
0-203-0-41601054001,48,0.9795918367346939,1976.0,2023.0,1,23.5,11.0,26.0,0.19961868411453634,49,True,True,True,True,True,True,True,,1976-2025,49,Vysoké Studnice,49.3931,15.7303,568.0
0-203-0-11794,49,1.0,1976.0,2024.0,0,23.0,14.0,26.0,0.11884171583905069,49,True,True,True,True,True,True,True,,1976-2025,49,Horní Bečva,49.4311,18.2983,565.0
0-203-0-11549,49,1.0,1976.0,2024.0,0,22.0,17.0,26.0,0.09973810951167256,49,True,True,True,True,True,True,True,,1976-2025,49,Vyšší Brod,48.6177092,14.3141131,559.0
0-203-0-10703011001,48,0.9795918367346939,1976.0,2024.0,1,23.0,19.0,26.0,0.07697753197984936,49,True,True,True,True,True,True,True,,1976-2025,49,Kamenice nad Lipou  Vodná,49.2831,15.0633,557.0
0-203-0-41501010001,49,1.0,1976.0,2024.0,0,22.0,11.0,26.0,0.16561736717249348,49,True,True,True,True,True,True,True,,1976-2025,49,Polička,49.716111,16.269167,552.0
0-203-0-10804001001,47,0.9591836734693877,1976.0,2023.0,1,23.0,17.0,26.0,0.09910878523310972,48,True,True,True,True,True,True,True,,1976-2025,49,Radošice  Mladý Smolivec,49.5023517,13.7266981,552.0
0-203-0-10501063001,48,0.9795918367346939,1976.0,2024.0,1,23.0,10.0,26.0,0.14957917872662235,49,True,True,True,True,True,True,True,,1976-2025,49,Smržovka,50.7294,15.2511,550.0
0-203-0-10501030001,47,0.9591836734693877,1976.0,2024.0,2,23.0,11.0,26.0,0.11748610168893948,49,True,True,True,True,True,True,True,,1976-2025,49,Roprachtice,50.651199,15.414138,550.0
0-203-0-41501048001,49,1.0,1976.0,2024.0,0,21.0,11.0,26.0,0.1923450744189812,49,True,True,True,True,True,True,True,,1976-2025,49,Olešnice,49.5586,16.4166,543.0
0-203-0-10801117001,49,1.0,1976.0,2024.0,0,22.0,10.0,26.0,0.1355604901636684,49,True,True,True,True,True,True,True,,1976-2025,49,Chanovice,49.4031031,13.7176939,533.0
0-20000-0-11659,49,1.0,1976.0,2024.0,0,22.0,13.0,26.0,0.14787609340160796,49,True,True,True,True,True,True,True,,1976-2025,49,Přibyslav  Hřiště,49.582785,15.7625,532.5
0-20000-0-11628,49,1.0,1976.0,2024.0,0,22.0,11.0,26.0,0.1762147432599994,49,True,True,True,True,True,True,True,,1976-2025,49,Košetice  Křešín  Kramolín,49.573504,15.08046,532.29
0-203-0-10901012001,49,1.0,1976.0,2024.0,0,22.0,12.0,25.0,0.13144019785128216,49,True,True,True,True,True,True,True,,1976-2025,49,Nížkov,49.5325,15.8067,531.0
0-203-0-20101025001,48,0.9795918367346939,1976.0,2024.0,1,22.0,11.0,26.0,0.17057262363043818,49,True,True,True,True,True,True,True,,1976-2025,49,Budišov nad Budišovkou,49.797195,17.618216,530.0
0-203-0-10901060001,49,1.0,1976.0,2024.0,0,23.0,11.0,26.0,0.12326961883542747,49,True,True,True,True,True,True,True,,1976-2025,49,Štoky,49.501462,15.590799,530.0
0-203-0-40103004001,48,0.9795918367346939,1976.0,2024.0,1,22.5,11.0,26.0,0.20031957093999164,49,True,True,True,True,True,True,True,,1976-2025,49,Nemanice  Nemaničky,49.431422,12.716909,529.0
0-203-0-20301008002,49,1.0,1976.0,2024.0,0,23.0,17.0,25.0,0.09287928872930432,49,True,True,True,True,True,True,True,,1976-2025,49,Staré Hamry  Samčanka,49.468936,18.43389,527.0
0-203-0-10705023001,47,0.9591836734693877,1976.0,2024.0,1,21.0,11.0,26.0,0.1375880965575755,49,True,True,True,True,True,True,True,,1976-2025,49,Kovářov  Vepice,49.525278,14.301389,527.0
0-203-0-11101013001,48,0.9795918367346939,1976.0,2024.0,1,22.0,13.0,26.0,0.15930257064663517,49,True,True,True,True,True,True,True,,1976-2025,49,Strašice,49.742781,13.753217,526.0
0-203-0-10703027001,48,0.9795918367346939,1976.0,2024.0,1,23.0,19.0,26.0,0.08870532754677876,49,True,True,True,True,True,True,True,,1976-2025,49,Lodhéřov,49.2131911,14.9622222,526.0
0-203-0-10602032201,48,0.9795918367346939,1976.0,2024.0,1,21.0,15.0,25.0,0.1043353126676414,49,True,True,True,True,True,True,True,,1976-2025,49,Soběnov,48.7476228,14.5355644,526.0
0-203-0-10501011001,47,0.9591836734693877,1976.0,2024.0,2,24.0,10.0,26.0,0.12411016798985078,49,True,True,True,True,True,True,True,,1976-2025,49,Rokytnice nad Jizerou  Vilémov,50.7319,15.4229,525.0
0-203-0-11483,49,1.0,1976.0,2024.0,0,22.0,16.0,26.0,0.10482630199530271,49,True,True,True,True,True,True,True,,1976-2025,49,Rožmitál pod Třemšínem,49.605,13.8664,524.0
0-203-0-11301046001,49,1.0,1976.0,2024.0,0,22.0,10.0,26.0,0.15946478041953208,49,True,True,True,True,True,True,True,,1976-2025,49,Luby,50.256881,12.400238,524.0
0-203-0-11635,48,0.9795918367346939,1976.0,2024.0,1,22.0,11.0,26.0,0.1188785974295868,49,True,True,True,True,True,True,True,,1976-2025,49,Jindřichův Hradec  Děbolín,49.1556,14.9575,524.0
0-20000-0-11487,49,1.0,1976.0,2024.0,0,21.0,13.0,26.0,0.14033749634964152,49,True,True,True,True,True,True,True,,1976-2025,49,Kocelovice,49.467222,13.838611,519.0
0-203-0-41101014001,47,0.9591836734693877,1976.0,2024.0,1,22.0,15.0,26.0,0.12208108298777251,49,True,True,True,True,True,True,True,,1976-2025,49,Velké Karlovice,49.359444,18.286944,518.0
0-203-0-10901114001,48,0.9795918367346939,1976.0,2024.0,1,24.0,16.0,26.0,0.08819776660317093,49,True,True,True,True,True,True,True,,1976-2025,49,Humpolec,49.54701,15.352715,515.0
0-203-0-11101055001,47,0.9591836734693877,1976.0,2024.0,1,21.0,11.0,26.0,0.16727507563214888,49,True,True,True,True,True,True,True,,1976-2025,49,Horní Bělá  Vrtbo,49.884347,13.248312,513.0
0-203-0-10802073001,48,0.9795918367346939,1976.0,2024.0,1,22.0,16.0,26.0,0.09512996963878614,49,True,True,True,True,True,True,True,,1976-2025,49,Sedlice,49.3756828,13.9416925,511.0
0-203-0-111040030,48,0.9795918367346939,1976.0,2024.0,1,22.0,11.0,26.0,0.12935827469237032,49,True,True,True,True,True,True,True,,1976-2025,49,Podlesí,49.6897,13.9806,510.0
0-20000-0-11710,48,0.9795918367346939,1976.0,2024.0,1,22.0,10.0,26.0,0.18244633640811142,49,True,True,True,True,True,True,True,,1976-2025,49,Luká,49.652222,16.953333,510.0
0-203-0-10703017001,48,0.9795918367346939,1976.0,2024.0,1,22.0,11.0,26.0,0.13792631597723928,49,True,True,True,True,True,True,True,,1976-2025,49,Nová Včelnice,49.2229981,15.0685064,509.0
0-203-0-11001044001,48,0.9795918367346939,1976.0,2024.0,1,23.0,13.0,26.0,0.11500772393598838,49,True,True,True,True,True,True,True,,1976-2025,49,Planá,49.870952,12.735097,505.0
0-203-0-11401047001,45,0.9183673469387755,1976.0,2024.0,1,22.0,10.0,26.0,0.19777058714417986,49,True,True,True,True,True,True,True,,1976-2025,49,Lukov,50.527833,13.883763,502.0
0-203-0-41402044002,47,0.9591836734693877,1976.0,2024.0,2,22.0,10.0,25.0,0.18266356722131152,49,True,True,True,True,True,True,True,,1976-2025,49,Jemnice,49.025,15.59,502.0
0-203-0-10903055001,45,0.9183673469387755,1976.0,2024.0,3,24.0,17.0,26.0,0.08940359115047875,46,True,True,True,True,True,True,True,,1976-2025,49,Načeradec,49.6044,14.9086,502.0
0-203-0-10804016002,48,0.9795918367346939,1976.0,2024.0,1,22.0,19.0,26.0,0.0849215274398338,49,True,True,True,True,True,True,True,,1976-2025,49,Závišín,49.487222,13.923056,501.0
0-203-0-10902055001,48,0.9795918367346939,1976.0,2024.0,1,24.0,13.0,26.0,0.10403288452396794,49,True,True,True,True,True,True,True,,1976-2025,49,Pacov,49.46355,15.02348,494.0
0-203-0-41101034002,46,0.9387755102040817,1976.0,2024.0,2,23.5,13.0,26.0,0.10887278227598446,48,True,True,True,True,True,True,True,,1976-2025,49,Zděchov,49.2639,18.0772,491.0
0-203-0-11002086001,49,1.0,1976.0,2024.0,0,23.0,15.0,26.0,0.09190874908227951,49,True,True,True,True,True,True,True,,1976-2025,49,Chudenice,49.465405,13.176262,490.0
0-203-0-11767,47,0.9591836734693877,1976.0,2024.0,1,22.0,10.0,25.0,0.17444738296800402,48,True,True,True,True,True,True,True,,1976-2025,49,Vítkov,49.778037,17.757308,490.0
0-203-0-10901046001,49,1.0,1976.0,2024.0,0,24.0,13.0,26.0,0.10553026196275186,49,True,True,True,True,True,True,True,,1976-2025,49,Polná,49.4864,15.7061,490.0
0-203-0-11001016001,49,1.0,1976.0,2024.0,0,22.0,12.0,26.0,0.1488662618309989,49,True,True,True,True,True,True,True,,1976-2025,49,Tachov,49.798357,12.623135,487.0
0-203-0-20101115001,48,0.9795918367346939,1976.0,2024.0,1,22.0,13.0,26.0,0.13874955903685737,49,True,True,True,True,True,True,True,,1976-2025,49,Skřipov,49.8178,17.9139,485.0
0-203-0-10704117001,46,0.9387755102040817,1976.0,2024.0,3,22.0,13.0,26.0,0.12783770315178317,49,True,True,True,True,True,True,True,,1976-2025,49,Bernartice,49.3662453,14.3893392,485.0
0-203-0-11005023001,48,0.9795918367346939,1976.0,2024.0,1,21.5,10.0,26.0,0.17552872435130712,49,True,True,True,True,True,True,True,,1976-2025,49,Životice,49.470036,13.681495,484.0
0-203-0-11497,49,1.0,1976.0,2024.0,0,22.0,17.0,26.0,0.1005738945144118,49,True,True,True,True,True,True,True,,1976-2025,49,Husinec,49.0522,13.9883,483.0
0-20000-0-11406,45,0.9183673469387755,1976.0,2024.0,2,22.0,10.0,26.0,0.20078788371601142,49,True,True,True,True,True,True,True,,1976-2025,49,Cheb,50.068333,12.391389,483.0
0-203-0-10801119001,48,0.9795918367346939,1976.0,2024.0,1,22.0,15.0,26.0,0.1247305442677923,49,True,True,True,True,True,True,True,,1976-2025,49,Horažďovická Lhota  Smrkovec,49.3398103,13.5981892,483.0
0-203-0-11103045001,47,0.9591836734693877,1976.0,2024.0,2,22.0,14.0,26.0,0.12932452370061856,49,True,True,True,True,True,True,True,,1976-2025,49,Nové Strašecí,50.1456,13.8942,482.0
0-203-0-10702007001,48,0.9795918367346939,1976.0,2024.0,1,22.0,15.0,26.0,0.11103779180989123,49,True,True,True,True,True,True,True,,1976-2025,49,Hranice,48.8188419,14.8469519,479.0
0-203-0-20202070001,47,0.9591836734693877,1976.0,2024.0,1,22.0,11.0,25.0,0.16937245192097952,49,True,True,True,True,True,True,True,,1976-2025,49,Melč,49.849444,17.756944,478.0
0-203-0-11003028001,48,0.9795918367346939,1976.0,2024.0,1,22.0,13.0,26.0,0.13978366890222593,49,True,True,True,True,True,True,True,,1976-2025,49,Strážov,49.30562,13.246905,477.0
0-203-0-11005011001,49,1.0,1976.0,2024.0,0,23.0,11.0,26.0,0.1589791815467964,49,True,True,True,True,True,True,True,,1976-2025,49,Žinkovy,49.486555,13.491503,475.0
0-203-0-11002055001,47,0.9591836734693877,1976.0,2024.0,2,24.0,16.0,26.0,0.09000669915496541,49,True,True,True,True,True,True,True,,1976-2025,49,Kdyně,49.393642,13.045733,475.0
0-203-0-11604,47,0.9591836734693877,1977.0,2024.0,1,23.0,12.0,26.0,0.13294005832202505,49,True,True,True,True,True,True,True,,1976-2025,49,Nové Město pod Smrkem,50.92358,15.23381,473.0
0-203-0-41501037001,48,0.9795918367346939,1976.0,2024.0,1,23.0,10.0,26.0,0.17921034131456742,49,True,True,True,True,True,True,True,,1976-2025,49,Vír,49.5642,16.3139,473.0
0-203-0-11303060001,45,0.9183673469387755,1976.0,2024.0,2,22.0,11.0,26.0,0.16036625855009873,48,True,True,True,True,True,True,True,,1976-2025,49,Velečín  Pastuchovice,50.07036,13.38189,470.0
0-203-0-10901104001,49,1.0,1976.0,2024.0,0,23.0,12.0,26.0,0.11125414712285238,49,True,True,True,True,True,True,True,,1976-2025,49,Habry,49.751989,15.486748,470.0
0-203-0-10805038001,48,0.9795918367346939,1976.0,2024.0,1,22.0,11.0,25.0,0.15552315827194782,49,True,True,True,True,True,True,True,,1976-2025,49,Nečín  Bělohrad,49.7067,14.2017,465.0
0-203-0-11003082001,48,0.9795918367346939,1976.0,2024.0,1,23.0,14.0,26.0,0.11830324440809367,49,True,True,True,True,True,True,True,,1976-2025,49,Netunice,49.61559,13.432035,464.0
0-203-0-41601087001,48,0.9795918367346939,1976.0,2024.0,1,23.0,10.0,26.0,0.176218787944106,49,True,True,True,True,True,True,True,,1976-2025,49,Třebíč  Podklášteří,49.2236,15.87,463.0
0-203-0-10501025001,49,1.0,1976.0,2024.0,0,24.0,16.0,26.0,0.0832881569084059,49,True,True,True,True,True,True,True,,1976-2025,49,Jilemnice,50.6014,15.5125,462.0
0-203-0-10702028001,48,0.9795918367346939,1976.0,2024.0,1,22.0,12.0,26.0,0.13762456472134577,48,True,True,True,True,True,True,True,,1976-2025,49,Chlum u Třeboně,48.9581153,14.9351097,462.0
0-203-0-41101084001,46,0.9387755102040817,1976.0,2024.0,2,22.5,10.0,26.0,0.16018682461075628,48,True,True,True,True,True,True,True,,1976-2025,49,Valašská Bystřice,49.416432,18.106298,458.0
0-203-0-11003009001,48,0.9795918367346939,1976.0,2024.0,1,22.5,13.0,26.0,0.14793622996612402,49,True,True,True,True,True,True,True,,1976-2025,49,Nýrsko,49.290206,13.135924,457.0
0-203-0-10704104001,47,0.9591836734693877,1976.0,2024.0,1,21.0,14.0,26.0,0.11532540037157334,49,True,True,True,True,True,True,True,,1976-2025,49,Milevsko,49.452778,14.368611,453.0
0-203-0-11656,45,0.9183673469387755,1978.0,2024.0,2,21.0,10.0,26.0,0.200662639638006,48,True,True,True,True,True,True,True,,1976-2025,49,Havlíčkův Brod,49.61188,15.579696,452.0
0-203-0-11687,48,0.9795918367346939,1976.0,2024.0,1,21.0,10.0,25.0,0.16928810313091136,49,True,True,True,True,True,True,True,,1976-2025,49,Velké Meziříčí,49.3528,16.0086,452.0
0-203-0-10903058001,48,0.9795918367346939,1976.0,2024.0,1,22.0,12.0,26.0,0.1595957352429571,49,True,True,True,True,True,True,True,,1976-2025,49,Veliš,49.6664,14.8233,451.0
0-203-0-10501036001,49,1.0,1976.0,2024.0,0,22.0,12.0,26.0,0.11395820472681094,49,True,True,True,True,True,True,True,,1976-2025,49,Nová Paka,50.49,15.5136,450.0
0-203-0-10903144001,48,0.9795918367346939,1976.0,2024.0,1,22.5,12.0,26.0,0.11607819404276419,49,True,True,True,True,True,True,True,,1976-2025,49,Votice,49.6433,14.6333,450.0
0-203-0-11789,49,1.0,1976.0,2024.0,0,24.0,13.0,26.0,0.15308825656526612,49,True,True,True,True,True,True,True,,1976-2025,49,Huslenky  Kychová,49.3,18.1261,450.0
0-203-0-10802038001,45,0.9183673469387755,1978.0,2024.0,2,21.0,14.0,26.0,0.14095605981848155,46,True,True,True,True,True,True,True,,1976-2025,49,Volyně  Nihošovice,49.1854894,13.8612525,448.0
0-203-0-11001107001,48,0.9795918367346939,1976.0,2024.0,1,23.0,10.0,26.0,0.1423704466240155,49,True,True,True,True,True,True,True,,1976-2025,49,Staré Sedlo  Darmyšl,49.639765,12.878357,448.0
0-203-0-40202009001,49,1.0,1976.0,2024.0,0,23.0,11.0,26.0,0.14044168141158106,49,True,True,True,True,True,True,True,,1976-2025,49,Všeruby,49.343587,12.983841,445.0
0-203-0-10901141001,49,1.0,1976.0,2024.0,0,24.0,11.0,26.0,0.12959945363528064,49,True,True,True,True,True,True,True,,1976-2025,49,Řendějov  Nový Samechov,49.76873,15.08814,444.0
0-203-0-11405014001,48,0.9795918367346939,1976.0,2024.0,1,22.0,12.0,26.0,0.16568337391590282,49,True,True,True,True,True,True,True,,1976-2025,49,Chřibská  Horní Chřibská,50.85289,14.52456,440.0
0-203-0-11785,46,0.9387755102040817,1977.0,2024.0,1,22.0,10.0,25.0,0.18359544886243173,49,True,True,True,True,True,True,True,,1976-2025,49,Frenštát pod Radhoštěm,49.541055,18.240568,436.0
0-203-0-11102044001,48,0.9795918367346939,1976.0,2024.0,1,23.0,12.0,26.0,0.1379790499069974,49,True,True,True,True,True,True,True,,1976-2025,49,Manětín,49.992466,13.22757,436.0
0-203-0-11101025001,48,0.9795918367346939,1976.0,2024.0,1,22.0,14.0,26.0,0.11924496572525065,49,True,True,True,True,True,True,True,,1976-2025,49,Holoubkov  Medový Újezd,49.77498,13.71137,433.0
0-203-0-11001177001,48,0.9795918367346939,1976.0,2024.0,1,23.0,14.0,26.0,0.1089715990924916,49,True,True,True,True,True,True,True,,1976-2025,49,Úlice,49.759189,13.143405,428.0
0-203-0-41603036001,46,0.9387755102040817,1976.0,2024.0,3,23.0,13.0,26.0,0.14712826939979914,49,True,True,True,True,True,True,True,,1976-2025,49,Hrotovice,49.1105,16.0588,425.0
0-203-0-11455,46,0.9387755102040817,1976.0,2024.0,2,22.0,11.0,26.0,0.1747717587393912,49,True,True,True,True,True,True,True,,1976-2025,49,Klatovy,49.39042,13.303016,421.0
0-203-0-10903081001,48,0.9795918367346939,1976.0,2024.0,1,23.5,12.0,26.0,0.13261519244143505,49,True,True,True,True,True,True,True,,1976-2025,49,Postupice,49.7306,14.7833,421.0
0-203-0-10902100001,47,0.9591836734693877,1976.0,2024.0,1,23.0,10.0,26.0,0.11695045819457418,49,True,True,True,True,True,True,True,,1976-2025,49,Dolní Kralovice  Střítež,49.66272,15.159775,420.0
0-203-0-11005050001,48,0.9795918367346939,1976.0,2024.0,1,23.0,11.0,26.0,0.13067580948782082,49,True,True,True,True,True,True,True,,1976-2025,49,Spálené Poříčí,49.615175,13.604538,420.0
0-203-0-11578,46,0.9387755102040817,1976.0,2024.0,1,22.0,10.0,26.0,0.19168945359256997,49,True,True,True,True,True,True,True,,1976-2025,49,Vavřinec  Žíšov,49.902888,15.067741,415.0
0-203-0-11675,46,0.9387755102040817,1978.0,2024.0,2,21.0,11.0,25.0,0.18102861033346151,47,True,True,True,True,True,True,True,,1976-2025,49,Úpice,50.506419,16.011618,413.0
0-203-0-41001078001,49,1.0,1976.0,2024.0,0,24.0,12.0,26.0,0.13997616602902532,49,True,True,True,True,True,True,True,,1976-2025,49,Velké Losiny,50.038056,17.051365,411.0
0-203-0-10603060001,47,0.9591836734693877,1976.0,2024.0,1,21.0,14.0,26.0,0.14865310332464693,49,True,True,True,True,True,True,True,,1976-2025,49,Hluboká nad Vltavou,49.0536578,14.4334833,410.0
0-203-0-10901110001,49,1.0,1976.0,2024.0,0,23.0,10.0,26.0,0.12481476396347406,49,True,True,True,True,True,True,True,,1976-2025,49,Světlá nad Sázavou,49.6728,15.4075,410.0
0-203-0-11535,45,0.9183673469387755,1978.0,2024.0,2,21.0,12.0,26.0,0.1735750226727287,47,True,True,True,True,True,True,True,,1976-2025,49,Bechyně,49.299444,14.469444,409.0
0-203-0-10901127001,49,1.0,1976.0,2024.0,0,23.0,11.0,26.0,0.16663805503296567,49,True,True,True,True,True,True,True,,1976-2025,49,Ledeč nad Sázavou,49.698597,15.284048,408.0
0-203-0-11102153001,48,0.9795918367346939,1976.0,2024.0,1,22.0,10.0,26.0,0.17553934495754295,49,True,True,True,True,True,True,True,,1976-2025,49,Karlova Ves,49.990212,13.861277,405.0
0-203-0-10704050001,48,0.9795918367346939,1976.0,2024.0,1,22.0,14.0,26.0,0.13461724180498255,49,True,True,True,True,True,True,True,,1976-2025,49,Planá nad Lužnicí,49.3533,14.6969,404.0
0-203-0-41402059001,46,0.9387755102040817,1976.0,2024.0,3,23.0,11.0,26.0,0.1412080379258657,49,True,True,True,True,True,True,True,,1976-2025,49,Lukov,48.8566,15.9077,403.0
0-203-0-11401097301,49,1.0,1976.0,2024.0,0,22.0,10.0,26.0,0.193030812396778,49,True,True,True,True,True,True,True,,1976-2025,49,Dubí,50.68056,13.80214,402.0
0-203-0-11103001001,47,0.9591836734693877,1976.0,2024.0,1,23.0,10.0,26.0,0.15714257203353052,49,True,True,True,True,True,True,True,,1976-2025,49,Oráčov,50.10814,13.54839,401.0
0-203-0-11005040001,48,0.9795918367346939,1976.0,2024.0,1,23.0,13.0,26.0,0.12167656083299913,49,True,True,True,True,True,True,True,,1976-2025,49,Seč,49.587397,13.506002,398.0
0-20000-0-11603,48,0.9795918367346939,1977.0,2024.0,1,22.0,12.0,26.0,0.16163316530805935,49,True,True,True,True,True,True,True,,1976-2025,49,Liberec,50.76972,15.02389,397.72
0-203-0-20301050204,48,0.9795918367346939,1976.0,2024.0,1,23.0,12.0,26.0,0.14733022187495257,49,True,True,True,True,True,True,True,,1976-2025,49,Raškovice,49.622266,18.468383,397.0
0-203-0-11608,46,0.9387755102040817,1978.0,2024.0,2,22.0,10.0,26.0,0.17085787729562096,49,True,True,True,True,True,True,True,,1976-2025,49,Hejnice,50.88456,15.18317,396.0
0-203-0-11403005001,48,0.9795918367346939,1976.0,2024.0,1,22.0,11.0,25.0,0.1665684708764266,49,True,True,True,True,True,True,True,,1976-2025,49,Křižany,50.738722,14.907056,395.0
0-203-0-11403041001,48,0.9795918367346939,1976.0,2024.0,1,22.0,10.0,26.0,0.20295478314970497,49,True,True,True,True,True,True,True,,1976-2025,49,Mařenice,50.80967,14.676,395.0
0-203-0-20407027001,46,0.9387755102040817,1976.0,2024.0,3,22.0,10.0,26.0,0.1504373548889563,49,True,True,True,True,True,True,True,,1976-2025,49,Mníšek  Fojtka,50.82725,15.05856,395.0
0-203-0-20408003001,49,1.0,1976.0,2024.0,0,22.0,10.0,25.0,0.1967520091154639,49,True,True,True,True,True,True,True,,1976-2025,49,Rumburk,50.95156,14.57086,390.0
0-203-0-11102119001,48,0.9795918367346939,1976.0,2024.0,1,23.0,13.0,26.0,0.12698507671877796,49,True,True,True,True,True,True,True,,1976-2025,49,Slabce  Modřejovice,49.992453,13.690636,389.0
0-203-0-11542,49,1.0,1976.0,2024.0,0,23.0,17.0,26.0,0.07471603372852482,49,True,True,True,True,True,True,True,,1976-2025,49,České Budějovice  ul. S.K.Neumanna,48.9644,14.4672,388.0
0-203-0-11788,46,0.9387755102040817,1977.0,2024.0,1,22.0,10.0,26.0,0.14714803113673075,49,True,True,True,True,True,True,True,,1976-2025,49,Vsetín,49.3442,17.9961,387.0
0-203-0-10805107001,45,0.9183673469387755,1976.0,2024.0,3,24.0,10.0,26.0,0.12299616494362707,47,True,True,True,True,True,True,True,,1976-2025,49,Voznice,49.819169,14.212691,385.0
0-203-0-10502050001,47,0.9591836734693877,1976.0,2024.0,1,24.0,13.0,26.0,0.11848964925336922,49,True,True,True,True,True,True,True,,1976-2025,49,Boseň  Mužský,50.5222,15.0404,382.0
0-203-0-11792,49,1.0,1976.0,2024.0,0,23.0,12.0,26.0,0.15655833962560692,49,True,True,True,True,True,True,True,,1976-2025,49,Jablunkov  Návsí,49.5875,18.7503,380.0
0-203-0-20201071001,46,0.9387755102040817,1976.0,2024.0,2,22.0,11.0,26.0,0.17548096081629483,49,True,True,True,True,True,True,True,,1976-2025,49,Lichnov,50.0127428,17.6374406,379.0
0-203-0-11002097001,49,1.0,1976.0,2024.0,0,23.0,17.0,26.0,0.08409403268457223,49,True,True,True,True,True,True,True,,1976-2025,49,Dnešice,49.601994,13.269301,378.0
0-20000-0-11502,47,0.9591836734693877,1978.0,2024.0,2,22.0,12.0,26.0,0.1565856873376665,48,True,True,True,True,True,True,True,,1976-2025,49,Ústí nad Labem  Kočkov,50.68333,14.04111,375.39
0-203-0-41503007001,46,0.9387755102040817,1976.0,2024.0,3,22.0,14.0,26.0,0.1285594472818728,49,True,True,True,True,True,True,True,,1976-2025,49,Zastávka,49.19298,16.36313,375.0
0-203-0-11002037001,47,0.9591836734693877,1976.0,2024.0,2,24.0,16.0,26.0,0.09654825952990242,49,True,True,True,True,True,True,True,,1976-2025,49,Horšovský Týn,49.528213,12.943746,374.0
0-203-0-11005051001,47,0.9591836734693877,1976.0,2024.0,1,23.0,11.0,26.0,0.13032048469424135,49,True,True,True,True,True,True,True,,1976-2025,49,Nezvěstice,49.635765,13.528521,371.0
0-203-0-11551,48,0.9795918367346939,1976.0,2024.0,1,21.5,10.0,25.0,0.19713333937122912,49,True,True,True,True,True,True,True,,1976-2025,49,Varnsdorf,50.90556,14.60222,367.0
0-203-0-10904008001,48,0.9795918367346939,1976.0,2024.0,1,23.0,10.0,26.0,0.12211202755135198,49,True,True,True,True,True,True,True,,1976-2025,49,Mníšek pod Brdy,49.8694,14.2625,367.0
0-203-0-11401043001,47,0.9591836734693877,1976.0,2024.0,1,22.0,12.0,26.0,0.17447696297136378,48,True,True,True,True,True,True,True,,1976-2025,49,Měrunice  Žichov,50.47908,13.79031,367.0
0-203-0-41501047001,46,0.9387755102040817,1976.0,2024.0,2,24.0,11.0,26.0,0.14248118143046684,49,True,True,True,True,True,True,True,,1976-2025,49,Štěpánov nad Svratkou,49.5041,16.3341,365.0
0-203-0-11303115902,45,0.9183673469387755,1976.0,2024.0,2,21.0,10.0,25.0,0.1966544102320411,49,True,True,True,True,True,True,True,,1976-2025,49,Chomutov,50.46225,13.39711,362.0
0-203-0-11762,46,0.9387755102040817,1976.0,2024.0,2,22.0,10.0,26.0,0.17289764854772338,48,True,True,True,True,True,True,True,,1976-2025,49,Krnov,50.078,17.6922,360.0
0-203-0-11401056001,45,0.9183673469387755,1976.0,2023.0,2,22.0,12.0,26.0,0.14768965038533963,48,True,True,True,True,True,True,True,,1976-2025,49,Hrob  Křižanov,50.654,13.71953,360.0
0-203-0-10903164001,48,0.9795918367346939,1976.0,2024.0,1,23.0,12.0,26.0,0.11061672373060064,49,True,True,True,True,True,True,True,,1976-2025,49,Maršovice  Zahrádka,49.7325,14.5886,358.0
0-203-0-11003072001,48,0.9795918367346939,1976.0,2024.0,1,23.0,11.0,26.0,0.15044065957411518,49,True,True,True,True,True,True,True,,1976-2025,49,Lužany,49.54908,13.317522,358.0
0-203-0-41402053001,46,0.9387755102040817,1976.0,2024.0,3,24.0,12.0,26.0,0.12048491612552216,49,True,True,True,True,True,True,True,,1976-2025,49,Vranov nad Dyjí,48.9056,15.8186,354.0
0-203-0-11501049001,48,0.9795918367346939,1976.0,2024.0,1,23.0,13.0,26.0,0.12534635343116685,49,True,True,True,True,True,True,True,,1976-2025,49,Šluknov,51.002722,14.45525,352.0
0-203-0-11302052001,48,0.9795918367346939,1976.0,2024.0,1,23.0,14.0,26.0,0.1362834505055946,49,True,True,True,True,True,True,True,,1976-2025,49,Šemnice  Radošov,50.277061,12.994221,351.0
0-203-0-11798,49,1.0,1976.0,2024.0,0,21.0,11.0,26.0,0.1723191154544974,49,True,True,True,True,True,True,True,,1976-2025,49,Mořkov,49.5414,18.057778,345.0
0-203-0-10504037001,48,0.9795918367346939,1976.0,2024.0,1,22.0,14.0,26.0,0.1323628642189982,49,True,True,True,True,True,True,True,,1976-2025,49,Mšeno,50.44061,14.63399,340.0
0-203-0-11401094001,47,0.9591836734693877,1976.0,2024.0,1,23.0,10.0,26.0,0.17084841799010234,49,True,True,True,True,True,True,True,,1976-2025,49,Telnice  Varvažov,50.725083,13.964611,340.0
0-203-0-20101096001,48,0.9795918367346939,1976.0,2024.0,1,24.0,10.0,26.0,0.1460156334971116,49,True,True,True,True,True,True,True,,1976-2025,49,Fulnek  Kostelec,49.7235,17.93251,340.0
0-203-0-11101060001,48,0.9795918367346939,1976.0,2024.0,1,24.0,16.0,26.0,0.10691181200451738,49,True,True,True,True,True,True,True,,1976-2025,49,Hromnice,49.848142,13.445309,336.0
0-20000-0-11698,45,0.9183673469387755,1978.0,2024.0,2,23.0,10.0,26.0,0.14372210699572957,47,True,True,True,True,True,True,True,,1976-2025,49,Kuchařovice,48.881111,16.085278,334.0
0-203-0-11769,46,0.9387755102040817,1977.0,2024.0,1,23.0,10.0,26.0,0.16924927456557765,49,True,True,True,True,True,True,True,,1976-2025,49,Valašské Meziříčí,49.4636,17.9742,334.0
0-203-0-11102069001,48,0.9795918367346939,1976.0,2024.0,1,23.0,12.0,26.0,0.12585793731694053,49,True,True,True,True,True,True,True,,1976-2025,49,Plasy,49.933074,13.382176,330.0
0-203-0-20404050001,47,0.9591836734693877,1976.0,2024.0,2,22.0,13.0,26.0,0.14389537736973612,47,True,True,True,True,True,True,True,,1976-2025,49,Černá Voda,50.3054197,17.142758,330.0
0-203-0-11705,47,0.9591836734693877,1976.0,2024.0,1,23.0,11.0,26.0,0.19065050526563163,49,True,True,True,True,True,True,True,,1976-2025,49,Šumperk,49.9742,16.9675,328.0
0-203-0-20404091001,47,0.9591836734693877,1976.0,2024.0,2,22.0,11.0,26.0,0.19148242916516547,49,True,True,True,True,True,True,True,,1976-2025,49,Mikulovice,50.3006,17.3231,321.0
0-203-0-11105036001,46,0.9387755102040817,1976.0,2023.0,2,22.5,17.0,26.0,0.09636737499749094,49,True,True,True,True,True,True,True,,1976-2025,49,Liteň,49.9033,14.1506,320.0
0-203-0-11001186001,48,0.9795918367346939,1976.0,2024.0,1,23.0,15.0,26.0,0.12150459649019951,49,True,True,True,True,True,True,True,,1976-2025,49,Plzeň  Radčice,49.765499,13.323199,320.0
0-203-0-11552,46,0.9387755102040817,1978.0,2024.0,2,23.0,10.0,26.0,0.19282253429899573,49,True,True,True,True,True,True,True,,1976-2025,49,Jablonné v Podještědí,50.77206,14.77375,320.0
0-203-0-11780,45,0.9183673469387755,1976.0,2024.0,1,19.0,10.0,25.0,0.2972597006296556,49,True,True,True,True,True,True,True,,1976-2025,49,Štítná nad Vláří - Popov,49.0728,17.9711,315.0
0-203-0-41002099001,45,0.9183673469387755,1976.0,2024.0,3,22.0,11.0,26.0,0.17828707009271852,48,True,True,True,True,True,True,True,,1976-2025,49,Moravská Třebová  Bezděčí  Unerázka,49.7,16.7567,315.0
0-203-0-11557,45,0.9183673469387755,1976.0,2024.0,3,21.0,10.0,25.0,0.16094724182465,49,True,True,True,True,True,True,True,,1976-2025,49,Stráž pod Ralskem,50.70361,14.80739,310.0
0-203-0-20101139001,46,0.9387755102040817,1976.0,2024.0,2,22.0,10.0,26.0,0.20066772666740101,48,True,True,True,True,True,True,True,,1976-2025,49,Příbor,49.6403,18.1342,307.0
0-203-0-11765,49,1.0,1976.0,2024.0,0,23.0,11.0,26.0,0.15089228536744623,49,True,True,True,True,True,True,True,,1976-2025,49,Bělotín,49.5869,17.8042,306.0
0-203-0-11784,48,0.9795918367346939,1976.0,2024.0,1,22.0,10.0,26.0,0.20297228827494002,49,True,True,True,True,True,True,True,,1976-2025,49,Lučina,49.7308,18.4425,300.0
0-203-0-11102088001,48,0.9795918367346939,1976.0,2024.0,1,23.0,15.0,26.0,0.11598066755322176,49,True,True,True,True,True,True,True,,1976-2025,49,Liblín,49.916487,13.5451,299.0
0-203-0-20203023001,45,0.9183673469387755,1976.0,2024.0,2,22.0,10.0,26.0,0.17757485001131326,48,True,True,True,True,True,True,True,,1976-2025,49,Děhylov,49.8701994,18.1648678,292.0
0-203-0-20101147002,49,1.0,1976.0,2024.0,0,23.0,12.0,26.0,0.16142600046050287,49,True,True,True,True,True,True,True,,1976-2025,49,Hukvaldy  Rychaltice,49.6428,18.2208,292.0
0-203-0-20101069001,46,0.9387755102040817,1976.0,2024.0,3,23.0,12.0,26.0,0.13646336014297392,48,True,True,True,True,True,True,True,,1976-2025,49,Nový Jičín,49.6,18.031111,291.0
0-203-0-10502005001,48,0.9795918367346939,1976.0,2024.0,1,23.0,11.0,26.0,0.16045342329852402,49,True,True,True,True,True,True,True,,1976-2025,49,Železný Brod,50.6408,15.2517,290.0
0-203-0-10406025001,49,1.0,1976.0,2024.0,0,23.0,11.0,26.0,0.16502792387167256,49,True,True,True,True,True,True,True,,1976-2025,49,Dolní Chvatliny,49.983593,15.065951,290.0
0-203-0-20101117001,47,0.9591836734693877,1976.0,2023.0,1,21.0,10.0,24.0,0.16422402103794856,48,True,True,True,True,True,True,True,,1976-2025,49,Bílovec,49.7617,17.9917,290.0
0-203-0-11701,48,0.9795918367346939,1976.0,2024.0,1,22.0,16.0,25.0,0.11270857297888094,48,True,True,True,True,True,True,True,,1976-2025,49,Javorník,50.3956,17.0075,284.0
0-203-0-11558,45,0.9183673469387755,1976.0,2024.0,2,21.0,10.0,25.0,0.17861398275122622,49,True,True,True,True,True,True,True,,1976-2025,49,Doksy,50.56811,14.66731,284.0
0-203-0-11649,46,0.9387755102040817,1976.0,2024.0,1,22.0,10.0,26.0,0.18399343408980093,49,True,True,True,True,True,True,True,,1976-2025,49,Hradec Králové  Nový Hradec Králové,50.177649,15.838452,278.0
0-203-0-41003075001,45,0.9183673469387755,1976.0,2024.0,3,23.0,11.0,26.0,0.13895879959547192,47,True,True,True,True,True,True,True,,1976-2025,49,Šternberk,49.725,17.2986,278.0
0-203-0-11403025001,47,0.9591836734693877,1976.0,2024.0,1,23.0,10.0,26.0,0.19248482518438467,49,True,True,True,True,True,True,True,,1976-2025,49,Mimoň,50.65975,14.72494,278.0
0-203-0-11202007001,48,0.9795918367346939,1976.0,2024.0,1,23.0,12.0,26.0,0.11956359365104555,49,True,True,True,True,True,True,True,,1976-2025,49,Praha  Suchdol,50.1436,14.3906,268.0
0-203-0-11103049001,47,0.9591836734693877,1976.0,2024.0,2,23.0,15.0,26.0,0.10540032332206074,49,True,True,True,True,True,True,True,,1976-2025,49,Zbečno,50.0614,13.935,262.0
0-20000-0-11782,49,1.0,1976.0,2024.0,0,23.0,11.0,26.0,0.16311915523570852,49,True,True,True,True,True,True,True,,1976-2025,49,Mošnov,49.691944,18.112778,252.8
0-203-0-20101153101,48,0.9795918367346939,1976.0,2024.0,1,22.0,12.0,26.0,0.12860194997923452,49,True,True,True,True,True,True,True,,1976-2025,49,Klimkovice,49.7844,18.1347,240.0
0-203-0-11790,49,1.0,1976.0,2024.0,0,21.0,15.0,25.0,0.11823037643177622,49,True,True,True,True,True,True,True,,1976-2025,49,Ostrava  Poruba,49.825331,18.15942,240.0
0-203-0-11202034001,48,0.9795918367346939,1976.0,2024.0,1,23.5,12.0,26.0,0.09606949674705735,49,True,True,True,True,True,True,True,,1976-2025,49,Koleč,50.1991,14.2377,238.0
0-203-0-11781,49,1.0,1976.0,2024.0,0,23.0,15.0,26.0,0.09732099459378067,49,True,True,True,True,True,True,True,,1976-2025,49,Bohumín  Záblatí,49.882,18.3692,237.0
0-203-0-10504033001,48,0.9795918367346939,1976.0,2024.0,1,23.0,11.0,26.0,0.13702135361132362,49,True,True,True,True,True,True,True,,1976-2025,49,Bašť  Baštěk,50.205,14.4622,230.0
0-203-0-11726,46,0.9387755102040817,1976.0,2024.0,2,23.0,10.0,26.0,0.1690917725670613,49,True,True,True,True,True,True,True,,1976-2025,49,Mikulov,48.801911,16.6401,224.0
0-203-0-10502101001,48,0.9795918367346939,1976.0,2024.0,1,24.0,12.0,26.0,0.11614388969802437,49,True,True,True,True,True,True,True,,1976-2025,49,Mladá Boleslav,50.42267,14.91405,221.0
0-203-0-10503013001,47,0.9591836734693877,1976.0,2024.0,2,23.0,16.0,26.0,0.09145645672628006,49,True,True,True,True,True,True,True,,1976-2025,49,Brodce,50.3347,14.8661,220.0
0-203-0-10502072001,48,0.9795918367346939,1976.0,2024.0,1,22.0,11.0,25.0,0.11065002108821248,49,True,True,True,True,True,True,True,,1976-2025,49,Bakov nad Jizerou,50.4804,14.9391,220.0
0-203-0-41003091001,45,0.9183673469387755,1976.0,2024.0,3,23.0,11.0,26.0,0.15101221811878432,49,True,True,True,True,True,True,True,,1976-2025,49,Olomouc  Klášterní Hradisko,49.608795,17.264465,215.0
0-203-0-41503064001,45,0.9183673469387755,1976.0,2024.0,2,23.0,11.0,26.0,0.1375434385244631,49,True,True,True,True,True,True,True,,1976-2025,49,Slavkov u Brna,49.1575,16.879167,211.0
0-203-0-10504048001,46,0.9387755102040817,1976.0,2024.0,1,23.0,11.0,26.0,0.16169056909954213,49,True,True,True,True,True,True,True,,1976-2025,49,Kropáčova Vrutice  Střížovice,50.3255,14.7046,210.0
0-203-0-11748,47,0.9591836734693877,1976.0,2022.0,2,23.0,15.0,26.0,0.1179876622167511,47,True,True,True,True,True,True,True,,1976-2025,49,Přerov,49.464444,17.458889,210.0
0-203-0-41701004001,46,0.9387755102040817,1976.0,2024.0,3,22.5,12.0,26.0,0.1432818866532663,49,True,True,True,True,True,True,True,,1976-2025,49,Hustopeče,48.9456,16.7258,201.0
0-203-0-10407027001,48,0.9795918367346939,1976.0,2024.0,1,23.0,11.0,26.0,0.1368571289729076,48,True,True,True,True,True,True,True,,1976-2025,49,Kostomlaty nad Labem,50.181641,14.961299,185.0
0-203-0-41701113001,46,0.9387755102040817,1976.0,2024.0,3,23.5,13.0,26.0,0.12367758537712706,48,True,True,True,True,True,True,True,,1976-2025,49,Lanžhot,48.724722,16.9575,158.0
