threshold_mm,case,n_dates,pct_of_all,median_obs_mm,median_mod_mm,p90_mod_mm
0.5,agree_snow,73745,14.27,20.4,20.79,92.59
0.5,agree_bare,418205,80.95,0.0,0.0,0.0
0.5,false_snow,21662,4.19,0.0,3.24,33.04
0.5,missed_snow,3040,0.59,8.4,0.0,0.39
1.0,agree_snow,72473,14.03,21.0,21.33,93.61
1.0,agree_bare,422864,81.85,0.0,0.0,0.0
1.0,false_snow,17459,3.38,0.0,5.12,39.85
1.0,missed_snow,3856,0.75,7.9,0.13,0.8
2.0,agree_snow,69751,13.5,22.0,22.45,95.73
2.0,agree_bare,427596,82.76,0.0,0.0,0.0
2.0,false_snow,14171,2.74,0.0,8.0,47.59
2.0,missed_snow,5134,0.99,7.9,0.5,1.72
5.0,agree_snow,60672,11.74,26.0,26.58,104.64
5.0,agree_bare,436174,84.42,0.0,0.0,0.0
5.0,false_snow,12128,2.35,0.0,13.06,57.28
5.0,missed_snow,7678,1.49,10.0,2.32,4.55
10.0,agree_snow,46979,9.09,34.0,34.5,120.82
10.0,agree_bare,448657,86.84,0.0,0.0,0.02
10.0,false_snow,11829,2.29,1.1,20.02,67.14
10.0,missed_snow,9187,1.78,16.0,5.91,9.32
20.0,agree_snow,30243,5.85,50.0,49.67,150.26
20.0,agree_bare,466887,90.37,0.0,0.0,0.49
20.0,false_snow,10979,2.13,8.8,33.04,86.79
20.0,missed_snow,8543,1.65,28.4,12.45,18.66
