station_id,n_years,mean_swe_obs_slope,mean_swe_obs_p,mean_swe_obs_tau,mean_swe_obs_n,mean_swe_mod_slope,mean_swe_mod_p,mean_swe_mod_tau,mean_swe_mod_n,mean_swe_djfm_obs_slope,mean_swe_djfm_obs_p,mean_swe_djfm_obs_tau,mean_swe_djfm_obs_n,mean_swe_djfm_mod_slope,mean_swe_djfm_mod_p,mean_swe_djfm_mod_tau,mean_swe_djfm_mod_n,mean_swe_snow_obs_slope,mean_swe_snow_obs_p,mean_swe_snow_obs_tau,mean_swe_snow_obs_n,mean_swe_snow_mod_slope,mean_swe_snow_mod_p,mean_swe_snow_mod_tau,mean_swe_snow_mod_n,max_swe_obs_slope,max_swe_obs_p,max_swe_obs_tau,max_swe_obs_n,max_swe_mod_slope,max_swe_mod_p,max_swe_mod_tau,max_swe_mod_n,dohy_max_obs_slope,dohy_max_obs_p,dohy_max_obs_tau,dohy_max_obs_n,dohy_max_mod_slope,dohy_max_mod_p,dohy_max_mod_tau,dohy_max_mod_n,dohy_first_snow_obs_slope,dohy_first_snow_obs_p,dohy_first_snow_obs_tau,dohy_first_snow_obs_n,dohy_first_snow_mod_slope,dohy_first_snow_mod_p,dohy_first_snow_mod_tau,dohy_first_snow_mod_n,dohy_last_snow_obs_slope,dohy_last_snow_obs_p,dohy_last_snow_obs_tau,dohy_last_snow_obs_n,dohy_last_snow_mod_slope,dohy_last_snow_mod_p,dohy_last_snow_mod_tau,dohy_last_snow_mod_n,snow_duration_obs_slope,snow_duration_obs_p,snow_duration_obs_tau,snow_duration_obs_n,snow_duration_mod_slope,snow_duration_mod_p,snow_duration_mod_tau,snow_duration_mod_n,n_snow_weeks_obs_slope,n_snow_weeks_obs_p,n_snow_weeks_obs_tau,n_snow_weeks_obs_n,n_snow_weeks_mod_slope,n_snow_weeks_mod_p,n_snow_weeks_mod_tau,n_snow_weeks_mod_n,swe_days_obs_slope,swe_days_obs_p,swe_days_obs_tau,swe_days_obs_n,swe_days_mod_slope,swe_days_mod_p,swe_days_mod_tau,swe_days_mod_n,station_name,latitude,longitude,elevation_m
0-20000-0-11766,69,-0.6092388510046185,5.839544572604603e-10,-0.5098039215686274,69,-0.21858027151566642,1.9903703284566035e-07,-0.4279624893435635,69,-0.9235569852941174,2.626624287640952e-07,-0.42369991474850804,69,-0.3030137213811813,0.0006061667364166408,-0.28218243819266836,69,-0.8136368754232461,5.057167538615068e-07,-0.41346973572037504,69,-0.20718994375000002,0.00752590770821574,-0.21994884910485932,69,-1.8042335115864527,1.2144083068073192e-06,-0.3994883910851209,69,-0.3533185057915058,0.012912699718066446,-0.20460358056265984,69,-0.3895663956639567,0.010480052921313543,-0.21156551679081143,69,-0.46153846153846156,0.008244047418951395,-0.21785611416723571,69,0.0625,0.5686280607722961,0.04725227157331751,69,0.13976744186046514,0.2135992322537258,0.10300672051716978,69,-0.06350806451612903,0.5374533283813935,-0.05106313326096206,69,-0.4699879951980792,0.0036531268560665957,-0.2402079510498051,69,-0.0,0.603310398618029,-0.04381870201662022,69,-0.6086956521739131,0.012618974283302624,-0.21042457688300498,69,-0.09375,0.0013381326885184078,-0.27140254234567407,69,-0.1111111111111111,0.00013603650358618073,-0.3225020811171529,69,-95.99767441860465,1.8386153295931116e-06,-0.3926668177047987,69,-30.963412267148485,0.0011020238539653318,-0.268542199488491,69,Červená,49.777222,17.541944,748.13
0-203-0-10502005001,69,0.021234256414430268,0.01185270509575369,0.2116834463485357,69,0.011853353624492415,0.5274515507504791,0.052003410059676035,69,0.05607660313542667,0.01654609884763104,0.20331112687113248,68,-0.058497018021236816,0.4586472307596108,-0.06145741878841088,68,0.05948717948717949,0.553951606469514,0.05658242575326391,52,-0.041318454545454575,0.7331593443256482,-0.02849389416553596,67,0.3763888888888888,0.004652353421068193,0.23857445601110266,69,0.05084394412878791,0.827787772645715,0.017902813299232736,69,-0.0,0.9119798383033823,0.01062235045877299,52,-0.55,0.0019972343811506914,-0.2590757168477438,67,-0.08333333333333333,0.6300896810142691,-0.04626544323006227,52,-0.23529411764705882,0.21317321514269172,-0.10433250160412555,67,-0.28205128205128205,0.1464126972104747,-0.13918369308873527,52,-0.4,0.015523950113049599,-0.20318435800216722,67,-0.0,0.9430989948726759,0.007027257983748182,52,-0.0,0.7163011588077348,0.030997786513215705,67,0.03540100250626566,0.033571699706823714,0.18256886953391468,69,-0.0,0.4414245045849069,0.0652348097100593,69,6.249782608695657,0.014549351025505435,0.20553496450438732,69,4.791628370004824,0.4876475741690479,0.057118499573742536,69,Železný Brod,50.6408,15.2517,290.0
0-203-0-10702020001,67,-0.030846993052540142,0.07679914725396667,-0.14789687924016284,67,-0.021189414711515954,0.11531344556977899,-0.13161465400271372,67,-0.07401752190237798,0.14547567993323973,-0.12166440524649481,67,-0.043313032395238094,0.3013228099307318,-0.08638625056535505,67,-0.007828282828282707,0.8987153116982216,-0.010722610722610723,66,0.04956972225378793,0.29233290665128286,0.08942307692307694,65,-0.09062500000000018,0.43260168775390406,-0.06567035047060293,67,-0.04417229411764702,0.676907183864428,-0.03482587064676617,67,-0.328125,0.13215628965828452,-0.1272522453224807,66,-0.10526315789473684,0.5866624675715545,-0.04637735276929869,65,0.0625,0.6458855904948736,0.03887630466374396,66,0.07846153846153847,0.6022907236182594,0.04450983048004783,65,-0.4074074074074074,0.014850143144884642,-0.2062368840332055,66,-0.4577380952380952,0.014195264198151574,-0.20923197551125883,65,-0.4883720930232558,0.04754098906133259,-0.17078866875456036,66,-0.5508255933952528,0.009233612400051118,-0.2272971047627829,65,-0.0625,0.008776253794739635,-0.22563050762223796,67,-0.07692307692307693,0.0031354406331738295,-0.25355032164888397,67,-9.985294117647058,0.08826351871779127,-0.1424694708276798,67,-5.154647634733333,0.1709632554582261,-0.11442786069651743,67,Nová Bystřice,49.0190528,15.0986103,583.0
0-203-0-10702028001,66,-0.013505747126436781,0.1034968386629306,-0.13773884152087923,66,-0.014738300408615816,0.07750005634757011,-0.14871794871794872,66,-0.027428865373309803,0.21922496308520478,-0.10542051480617708,64,-0.02801994470138886,0.21078041211171494,-0.10714285714285714,64,0.08270833333333334,0.0521095412448176,0.17358270017533606,59,0.03591439429145626,0.4797196806156717,0.06493506493506494,56,0.04400000000000006,0.6497332616687035,0.03845318113010285,66,-0.018556686274509807,0.837758193884896,-0.01724941724941725,66,-0.0,0.9582647993938258,-0.004693492619408154,59,0.054563492063492064,0.6457261661851754,0.04252655530452569,56,0.25,0.1975338216999023,0.11554323742819982,59,0.13333333333333333,0.5431065837255624,0.05617340691361109,56,-0.42105263157894735,0.07847587221799927,-0.15777223790957234,59,-0.09523809523809523,0.49718579229777815,-0.06278775960752228,56,-0.5833333333333334,0.036180370943393055,-0.19225943258140438,59,-0.27725490196078434,0.17493321217712943,-0.1283939685554596,56,-0.03571428571428571,0.05976952992552967,-0.16492887943290557,66,-0.030303030303030304,0.09315911800477487,-0.1474403818700453,66,-1.9021739130434783,0.3937384135894867,-0.07218290941162192,66,-2.6062942904444415,0.31118386613112314,-0.0853146853146853,66,Chlum u Třeboně,48.9581153,14.9351097,462.0
0-203-0-10703011001,68,-0.03976154660933337,0.013433954259934051,-0.20504940120925735,68,-0.07083799540740743,0.003033675847396331,-0.2458296751536435,68,-0.09651268115942029,0.03038526861005854,-0.17958288028819328,68,-0.1852838247126145,0.010406941863594496,-0.21246707638279191,68,0.0007187592101384841,0.9729024202503425,0.002884615384615385,65,-0.06828973723950459,0.46505066327013955,-0.061058344640434206,67,-0.09276162790697678,0.4427138646056268,-0.06375035026308658,68,-0.16108575142857137,0.2945955294480369,-0.08691834942932396,68,-0.4864864864864865,0.006569759591924349,-0.2313259727864961,65,-0.5714285714285714,0.006268300748155401,-0.22913001227339863,67,0.2296703296703297,0.14397356370330253,0.12463913556749023,65,0.15,0.3352256973176221,0.08096560253987138,67,-0.4791304347826087,0.0018399054357517786,-0.26570358357410706,65,-0.55,0.0006484991343674366,-0.28630182786804365,67,-0.7241379310344828,0.004148401234441492,-0.24890682984374213,65,-0.8,0.0012188971249456493,-0.2764620554501712,67,-0.1,0.00015238761305641914,-0.3225514671973467,68,-0.13100686498855835,1.6958530739926043e-05,-0.36566661334507317,68,-12.425,0.017972527416625254,-0.1962678422709594,68,-21.80233910686706,0.00502381432441717,-0.2326602282704126,68,Kamenice nad Lipou  Vodná,49.2831,15.0633,557.0
0-203-0-10802009001,68,-0.013965738638764373,0.3044581845274493,-0.0851624231782265,68,-0.10957666325577342,0.0007907383105051998,-0.2783143107989464,68,0.020848474717522332,0.6565757953855285,0.036874451273046525,68,-0.26107527324252106,0.014893242398616096,-0.20193151887620717,68,0.11967592592592613,0.035284142578029545,0.17593848937132522,67,-0.14697382592592614,0.16429781299732693,-0.11623699683401179,67,0.07666666666666667,0.5047802571185951,0.05533597371588527,68,-0.3219506955128203,0.08066813159948592,-0.14486391571553991,68,-0.07894736842105263,0.8033725892889445,-0.020876000207645882,67,-0.42857142857142855,0.05818015010036051,-0.1586946671080325,67,0.15789473684210525,0.2601756864971123,0.09452504793103664,67,0.225,0.05194713323137134,0.163333157070675,67,-0.1111111111111111,0.530041929970218,-0.052691837406346295,67,-0.40540540540540543,0.01013537651570301,-0.21571478997408025,67,-0.20588235294117646,0.37948112882851226,-0.0750387066410065,67,-0.7241379310344828,0.0018580416250838225,-0.26725941042141077,67,-0.043478260869565216,0.07587480229637927,-0.15155700234895877,68,-0.125,5.9437346989769525e-05,-0.34144739375971433,68,-2.0513888888888836,0.6337850628930641,-0.03950834064969271,68,-31.680977121645846,0.0025508871216798697,-0.25021949078138717,68,Vimperk,49.0657822,13.7824278,637.0
0-203-0-10902100001,67,-0.0076,0.1424786761437601,-0.12267999595876088,67,-0.017768952699352452,0.05337017108315924,-0.16146540027137044,67,-0.03536789297658863,0.07269121893251689,-0.1525138718061175,65,-0.0663362032258594,0.00635676226643755,-0.23173076923076924,65,-0.03325757575757582,0.4142668227281585,-0.0723572755519867,60,-0.04181563939393941,0.38574207202635813,-0.07894736842105264,57,-0.09600000000000002,0.1975930887401106,-0.10810911467853809,67,-0.10776840000000021,0.19588867912497132,-0.10809588421528721,67,-0.375,0.09591040732449857,-0.1479179755915673,60,-0.4127789046653144,0.08032055679941581,-0.15954824230604692,57,0.0264808362369338,0.8682601486761041,0.014739314286621993,60,0.16869918699186992,0.4364579306511266,0.07113708499610612,57,-0.3149801587301587,0.07403038626210336,-0.15891196710771174,60,-0.4444444444444444,0.034501608152720874,-0.19326623976818214,57,-0.12731481481481483,0.3457806528806733,-0.08609618382730025,60,-0.5694980694980695,0.025691567088137458,-0.20799545574098444,57,-0.022727272727272728,0.1293602825035464,-0.13239995809279193,67,-0.058823529411764705,0.014552236293644195,-0.2114673664862882,67,-2.6499999999999995,0.1229790052839029,-0.12901770792711015,67,-6.182278034210525,0.03344265514518775,-0.17774762550881956,67,Dolní Kralovice  Střítež,49.66272,15.159775,420.0
0-203-0-11001016001,69,0.0036208001547828527,0.2527802204359201,0.09537557117391039,69,-0.01738552737917306,0.2721793704563612,-0.09036658141517476,69,0.011980749746707195,0.2898977475493696,0.08915625650402965,68,-0.11599547084415585,0.0553381987923891,-0.15891132572431954,68,0.014432704402515668,0.7079663733044217,0.034426763751404875,56,-0.020166665873015837,0.8838336740715428,-0.01221166892808684,67,0.14083333333333334,0.0834341457029522,0.14445950634846252,69,-0.1556456644736842,0.351174794365141,-0.07672634271099743,69,-0.24744897959183673,0.270069388222295,-0.1016956931582428,56,-0.375,0.08325548265985871,-0.14522434927058006,67,0.11324786324786325,0.5108772458506251,0.060606449903760753,56,-0.125,0.5230059546409995,-0.05357588138253202,67,-0.375,0.05719519491845969,-0.1754172914918318,56,-0.55,0.00023228513715869991,-0.3088831847958231,67,-0.4666666666666667,0.043298484133168676,-0.19191467347374205,56,-0.4375,0.10128062010171514,-0.14008647776166397,67,-0.0,0.49633290860156953,0.05876546762234021,69,-0.03333333333333333,0.1849945605417801,-0.11211710614130276,69,1.1032258064516132,0.3310046467138854,0.08108711381659843,69,-5.031607408450007,0.2721793704563612,-0.09036658141517476,69,Tachov,49.798357,12.623135,487.0
0-203-0-11001058001,69,-0.02996769211875596,0.022059236550814924,-0.18840579710144925,69,-0.06402227807672146,0.006242107372587256,-0.2250639386189258,69,-0.07787168713639302,0.0478638367998277,-0.1628303495311168,69,-0.17438926147231631,0.014084897374317718,-0.20204603580562658,69,-0.029040808543096874,0.6150386011859127,-0.04173073605204623,68,-0.051737205128205094,0.5921377391208938,-0.044776119402985086,67,-0.10903532608695651,0.21378363286454038,-0.10247666526415122,69,-0.27019378663003657,0.10609232634655173,-0.13299232736572889,69,-0.0757142857142857,0.6641514068173129,-0.03615555426983888,68,-0.2,0.3140905526954437,-0.08429657231514232,67,0.2,0.15130971336789092,0.11946324724409427,68,0.12121212121212122,0.37752956068463106,0.07415962284824519,67,-0.3854895104895105,0.0061909228639442275,-0.22790589972397318,68,-0.5263157894736842,0.002033635066329647,-0.2586808721382207,67,-0.554093567251462,0.005841063027004183,-0.23456990406527006,68,-0.65625,0.009899331560339076,-0.22091348247911977,67,-0.07207792207792207,0.0020955869174299076,-0.26246122908964203,69,-0.10622179239200516,2.0144396709902415e-05,-0.3602884284960019,69,-10.853333333333332,0.005952978255045331,-0.22639096655944418,69,-21.675156856965373,0.002021930969778608,-0.25404944586530265,69,Tři Sekery,49.943647,12.616463,672.0
0-203-0-11001186001,68,-0.002240080523524545,0.17845242516604032,-0.11334941153527388,68,-0.007818360133100645,0.02221045093238061,-0.189640035118525,68,-0.006900843463936443,0.2227744827272391,-0.10292686838861086,68,-0.027491845986691358,0.024134016008519204,-0.1870061457418788,68,-0.01435439560439558,0.6613332062963584,-0.04759000275655947,41,-0.07826436723044397,0.012352624151224699,-0.2298701298701299,56,-0.01622807017543854,0.48263258503040884,-0.0592065422265918,68,-0.10222194815972227,0.06702342322352468,-0.15188762071992973,68,-0.030834914611005692,0.7959429995934727,-0.028273797451509965,41,-0.15789473684210525,0.49737216550046826,-0.06250021192870381,56,0.09175084175084175,0.744584863085013,0.03543072534923643,41,0.067816091954023,0.7026336957027274,0.035202355324007124,56,-0.3125,0.18860489697645544,-0.1432958664339393,41,-0.4722222222222222,0.06100297054338386,-0.17269579811286664,56,-0.25,0.08975163652186591,-0.19423977233125644,41,-0.4421542553191489,0.01581765814823309,-0.23101965967046142,56,-0.0,0.1539847361691997,-0.12822570964686766,68,-0.023255813953488372,0.0971676859056955,-0.1445137428502298,68,-0.919142857142857,0.1309351057346212,-0.12726717422598088,68,-2.8181305802064562,0.017718737033560708,-0.19666374012291482,68,Plzeň  Radčice,49.765499,13.323199,320.0
0-203-0-11002037001,67,-0.0,0.5786857626987009,0.04726902202622418,67,-0.0068568422649004385,0.04353942627240582,-0.16870194482134782,67,0.003272727272727273,0.30993517451028585,0.08685887436815921,67,-0.02388019344444446,0.05472029239410138,-0.16056083220262327,67,0.026855600539811064,0.3788669849806128,0.09201481984646948,44,-0.02841095435387863,0.4339726683274382,-0.07402031930333818,53,0.03225806451612903,0.32978356407476406,0.0830116456128497,67,-0.10879570555555557,0.06040875313712466,-0.1569425599276346,67,0.0625,0.7925246721174196,0.027542434695637035,44,0.08957219251336898,0.6674180876722704,0.04078686914134502,53,0.2788888888888889,0.2571857534710653,0.11864433407351338,44,0.2211111111111111,0.2283502872826626,0.11430712969613156,53,-0.05718954248366013,0.8317529787388956,-0.022257629804365547,44,-0.375,0.05128527752754289,-0.18513296564851517,53,-0.12390350877192982,0.11031226963396802,-0.1770231886006056,44,-0.6463068181818181,0.0028413755173222702,-0.2927069392416737,53,-0.0,0.6426816394059485,0.04215923900437723,67,-0.015625,0.1277920595816272,-0.13436858635958357,67,-0.0,0.5712392456103558,0.048241700951036595,67,-2.208408951000003,0.058942575137919936,-0.15784712799638176,67,Horšovský Týn,49.528213,12.943746,374.0
0-203-0-11002086001,67,-0.014639966624947851,0.007874714406854838,-0.2223733936625244,67,-0.017019601145936133,0.0021525634284246206,-0.25644504748982366,67,-0.04503105590062112,0.010304952829023025,-0.21472280669405727,67,-0.06117352044814815,0.0035363029237914377,-0.2437810945273632,67,0.04287280701754387,0.32912267664320105,0.0865140260301824,60,-0.03752571544715452,0.43645171974550445,-0.0695499707773232,59,-0.09375,0.251070670354711,-0.09643094235085804,67,-0.13635778787878794,0.045841276859231395,-0.1668928086838535,67,0.03508771929824561,0.8034881283472146,0.02214047917205562,60,-0.04878048780487805,0.7734927614794552,-0.025799020108926794,59,0.4226475279106858,0.051687204322131426,0.1728543392928277,60,0.34285714285714286,0.07736180856363313,0.1584053759050252,59,-0.42052631578947364,0.036989542998156794,-0.18511216634110897,60,-0.328125,0.10061013457002883,-0.1472149877892292,59,-0.7777777777777778,0.0026682220193488698,-0.2750220850004461,60,-0.6862745098039216,0.0012708797320368811,-0.2974537741913206,59,-0.0625,0.0008022264171331358,-0.2922404109014172,67,-0.057692307692307696,0.0014689566853058789,-0.2764762911311569,67,-4.829999999999998,0.011485299810077903,-0.21159980381239918,67,-5.546672354688886,0.002485992761910602,-0.252826775214835,67,Chudenice,49.465405,13.176262,490.0
0-203-0-11002097001,69,-0.006354349432080507,0.04258861740356184,-0.16799671399922475,69,-0.010083197269449243,0.001952585622917117,-0.2549019607843137,69,-0.02060940435553439,0.04302839701051911,-0.16789458337430566,69,-0.03286840170494537,0.00397913316887128,-0.23699914748508097,69,0.06547619047619048,0.09935216778443876,0.15296499429789537,55,0.042775429667294404,0.25223374008719623,0.10519480519480519,56,-0.04834956709956709,0.3613371235983883,-0.07573489092605258,69,-0.1001992445,0.05531151028989317,-0.15771526001705027,69,-0.11764705882352941,0.6112072744096304,-0.04731360844270143,55,-0.0,0.9323784056066916,-0.00783300497049363,56,0.16,0.4202223598992193,0.07500042800768132,55,0.3099343185550082,0.11486374223780912,0.14551560885586834,56,-0.42592592592592593,0.0662119070871956,-0.17071559943841824,55,-0.2,0.43263778533300146,-0.07228946706198207,56,-0.4772727272727273,0.003630870836929315,-0.28156576368457736,55,-0.31580732700135683,0.08468086942884168,-0.1642273364408247,56,-0.030536130536130537,0.009212494944653411,-0.22706081811221251,69,-0.05,0.0002609512456795825,-0.3150725578070052,69,-2.278240740740741,0.04154052373369831,-0.16885603222939982,69,-3.5042052854444457,0.001419864211634259,-0.2625745950554135,69,Dnešice,49.601994,13.269301,378.0
0-203-0-11003009001,68,0.00373155295300624,0.02228440308258614,0.19694773643467636,68,-0.0020545694955696114,0.6337850628930641,-0.03950834064969271,68,0.014256869000702025,0.01313844472945619,0.21370924591847862,68,-0.018032790744563765,0.27551905503328833,-0.09043020193151886,68,0.003418803418803452,0.9416008578989359,0.007751937984496123,43,0.0017514280000000327,0.9839444884693929,0.0018148820326678763,58,0.1446153846153846,0.005216189456021754,0.24071390008682667,68,-0.06065394118788814,0.5115785043261201,-0.054433713784021065,68,-0.23809523809523808,0.4200649855713843,-0.08574743162385443,43,-0.1724137931034483,0.42843704590387155,-0.07175529113452349,58,0.1935483870967742,0.3847717946654615,0.09242904967246646,43,-0.28125,0.16284564240130728,-0.12617578099267912,58,-0.6153846153846154,0.021866404080827663,-0.2433346851964507,43,-0.34782608695652173,0.0988207184877726,-0.14931797925885912,58,-0.875,0.01115283215572705,-0.27655095944684993,43,-0.0,0.9891983621053935,0.001270129313685247,58,-0.0,0.04257271151648376,0.18004509186026404,68,-0.0,0.8769174287243172,0.013436138807717933,68,1.358549019607843,0.021049402912774698,0.19881012637732107,68,-0.39593187591693235,0.799431225314224,-0.021071115013169443,68,Nýrsko,49.290206,13.135924,457.0
0-203-0-11003072001,68,-0.002221004795360767,0.35342219286852605,-0.07759197873131929,68,-0.009460183375513779,0.004703382853243005,-0.23441615452151007,68,-0.007561463046757163,0.3108762985394532,-0.08487636583342983,68,-0.03133388632727449,0.006106968953034588,-0.22739244951712026,68,0.0716783216783217,0.11816308733561404,0.14943400482279134,52,0.04272160676691727,0.24544830087950242,0.11215686274509806,51,-0.0,0.9788454027505291,-0.0022208955648171094,68,-0.09402318357588357,0.08066813159948592,-0.14486391571553991,68,-0.1297335203366059,0.585917654144935,-0.05229316954224737,52,-0.03225806451612903,0.8901286698908057,-0.013396524840576006,51,0.13333333333333333,0.44857369603261277,0.07267273858464407,52,0.2894736842105263,0.13710492591499013,0.14386832466103577,51,-0.2208672086720867,0.32372842661854073,-0.09473400279392641,52,-0.25,0.2983197674502288,-0.10082804354864577,51,-0.0,0.09602629396397473,-0.16905044796932658,52,-0.4827586206896552,0.021793255025399538,-0.23003815458135193,51,-0.0,0.13295536949364387,-0.13306694419540127,68,-0.05,0.00034295199849363763,-0.3138250574080209,68,-0.928030303030303,0.2609335467638222,-0.09401819429780207,68,-3.395420972139016,0.002734878920618616,-0.2484635645302897,68,Lužany,49.54908,13.317522,358.0
0-203-0-11003082001,68,-0.012806548142932583,0.011890940878174735,-0.20920616228714553,68,-0.017376175094742437,0.00138761686998694,-0.2651448639157155,68,-0.04326174914410209,0.03194002307355651,-0.17861271985091365,68,-0.05595811243936018,0.0037223031805072603,-0.24056189640035117,68,-0.00535926870748297,0.8632284385846225,-0.015301859543955238,60,-0.02418119675925922,0.5236085643722508,-0.05649717514124294,60,-0.07386363636363637,0.3595444187937197,-0.07633012439491793,68,-0.13764693910931172,0.037014852992519665,-0.17295873573309917,68,-0.2240418118466899,0.22059622270752066,-0.10890613355026321,60,-0.19444444444444445,0.32901771138183156,-0.08675987485212296,60,0.21052631578947367,0.2182110111576432,0.1094421950749002,60,0.26875,0.14577412847768736,0.12932603359093756,60,-0.4158823529411765,0.04583007352964768,-0.17759026036877304,60,-0.34178433889602056,0.10790661662440192,-0.14285796923956703,60,-0.6363636363636364,0.0022204496662776743,-0.2805821565700495,60,-0.5833333333333334,0.008715959974919854,-0.23954652507051566,60,-0.05,0.003012648234167423,-0.2578976791744123,68,-0.0625,0.0006723424390237923,-0.29352117874393413,68,-4.425839920948617,0.011023630513995889,-0.21154860114744206,68,-5.625858887022548,0.001153447444486437,-0.2695346795434591,68,Netunice,49.61559,13.432035,464.0
0-203-0-11005011001,69,-0.009677999305658882,0.14407211449224722,-0.12035861338566131,69,-0.013101826792665205,0.01719190575624806,-0.19607843137254902,69,-0.030801890432098765,0.1425500712923638,-0.1210183688195191,69,-0.04203957721179962,0.02883346002065228,-0.17988064791133843,69,-0.014480519480519434,0.8233549308831973,-0.019779599546345922,60,-0.0195230000000004,0.6487091932544817,-0.03966155473294554,62,-0.03733075435203089,0.682343121281373,-0.0337680294575795,69,-0.10244089027093597,0.1252421217408665,-0.12617220801364024,69,-0.35652383245065,0.1567148181719822,-0.1257795415250659,60,-0.04878048780487805,0.8221420291173256,-0.019628746650812896,62,-0.0,0.9389743635096987,-0.006806633346891451,60,0.23076923076923078,0.20626637765942035,0.11055150222241932,62,-0.5425685425685425,0.00857647352991571,-0.23369441157660645,60,-0.4444444444444444,0.025759473113394864,-0.19479964608880931,62,-0.4827586206896552,0.02262855875014197,-0.2075620039688859,60,-0.7,0.0023534696473310403,-0.27160369313680405,62,-0.024390243902439025,0.11626209236282337,-0.1348737692300195,69,-0.043478260869565216,0.00973411955874055,-0.22115933840865112,69,-3.395689655172415,0.09531606913009533,-0.1374307571283083,69,-4.91743212114754,0.00800372766231286,-0.21824381926683717,69,Žinkovy,49.486555,13.491503,475.0
0-203-0-11005040001,68,-0.00415044754744003,0.17973153268384412,-0.11217583210870731,68,-0.014817382977599068,0.0028313507543415205,-0.24758560140474098,68,-0.014128610819327732,0.15374563276446837,-0.11926995587842794,68,-0.04040191097685359,0.007633279459238235,-0.22124670763827914,68,0.02142857142857146,0.5263723436620257,0.06120047548246428,51,-0.006935507380952367,0.8149454917874945,-0.02130325814536341,57,-0.0319805194805195,0.4872236918651007,-0.058187463798208265,68,-0.11819896428571429,0.035137190824588604,-0.17471466198419663,68,0.02,0.928783276037976,0.008661484449733504,51,-0.2571428571428571,0.19077745639731358,-0.1194223370628939,57,0.05,0.8074290433323095,0.023612898999564765,51,0.2749515503875969,0.10412992022124878,0.14842872976806581,57,-0.22,0.20205442150438702,-0.1237208470570843,51,-0.25677655677655675,0.2281492458653155,-0.11016805198512009,57,-0.14583333333333334,0.29851534010496805,-0.10429386717117967,51,-0.687399549983928,0.005278211331390812,-0.26194977341354403,57,-0.0,0.17526921935549256,-0.11950436656578937,68,-0.0625,0.0013817577037556331,-0.27590572742025493,68,-1.5873655913978495,0.10466471477266227,-0.13570550686380864,68,-5.6083929829090895,0.001153447444486437,-0.2695346795434591,68,Seč,49.587397,13.506002,398.0
0-203-0-11005050001,66,-0.0,0.9689708379205036,-0.003324406734638751,66,-0.007983104928727244,0.07565920261153715,-0.14965034965034962,66,-3.700743415417188e-17,0.6574028948786348,-0.03822353935782191,65,-0.029057021917397716,0.06016535794097842,-0.15961538461538463,65,0.05230311355311357,0.2036787031682884,0.12694196784109496,48,-0.025320275056689358,0.4623251016071517,-0.06753246753246754,56,-0.0,0.6406008828359686,0.03998001498751093,66,-0.08991566250000001,0.1581866697875307,-0.11888111888111888,66,-0.2,0.3884668304058281,-0.08626097808187097,48,-0.15894736842105261,0.48838246824272147,-0.06392760709681124,56,-0.15587044534412955,0.4235963177660037,-0.08007168141193076,48,0.30072188449848025,0.11649134239776811,0.1449105919541321,56,-0.2857142857142857,0.1681948534211697,-0.1378397072442268,48,-0.373546511627907,0.0911196974442335,-0.15565029394426771,56,-0.0,0.8229076220261634,-0.023115116182439433,48,-0.5384615384615384,0.003355996770841567,-0.27939556449828423,56,-0.0,0.8220191227891165,-0.020101593889046313,66,-0.02857142857142857,0.03465573394792208,-0.18675036871721123,66,-0.0,0.9601107004176879,-0.004276306577856047,66,-2.727496873759259,0.06064686517386296,-0.15804195804195803,66,Spálené Poříčí,49.615175,13.604538,420.0
0-203-0-11101060001,68,-0.0038248095340085056,0.14870681462302338,-0.1211712206375921,68,-0.0067913613163471135,0.041027400559739836,-0.1694468832309043,68,-0.013013835213229675,0.14838613716513585,-0.12150123819103188,68,-0.022481120836698676,0.033341443731857295,-0.1764705882352941,68,0.004166666666666652,0.9159031279500652,0.010204084776093773,51,-0.037800870588235114,0.2589031723356522,-0.10901960784313729,51,-0.0661458333333334,0.2603250576584899,-0.09452778173918153,68,-0.09121361406926409,0.054004789301877756,-0.1597892888498683,68,-0.15384615384615385,0.5316205960866875,-0.060534759556829264,51,-0.2,0.39362752787283295,-0.08261252555917607,51,-0.018518518518518517,0.9481798147573249,-0.006291805197480155,51,0.09523809523809523,0.7329442458390496,0.03303197728677081,51,-0.26666666666666666,0.2453444717944192,-0.11242169631982578,51,-0.375,0.1206562283279038,-0.1505138967382363,51,-0.0,0.2546899640721777,-0.11527651495671272,51,-0.2413793103448276,0.1072506173479009,-0.1622885824223097,51,-0.0,0.15080450309571117,-0.12645586849919355,68,-0.022727272727272728,0.050046790367795066,-0.17147413195265437,68,-1.33125,0.14137732875447098,-0.12342653524279806,68,-2.4699226981578954,0.029192187562468396,-0.18086040386303773,68,Hromnice,49.848142,13.445309,336.0
0-203-0-11102028001,69,-0.0,0.8636779232227697,-0.014347514187864344,69,-0.03026720520083883,0.022059236550814924,-0.18840579710144925,69,-0.0,0.8922853515031735,-0.011341887492233986,69,-0.17027430555875256,0.0012291914978971184,-0.26598465473145777,69,-0.1422360248447205,0.01143631957336364,-0.23689727463312366,54,-0.10787639090909104,0.05767004364619449,-0.1599067599067599,66,-0.0,0.9709448560238844,0.003047469083506396,69,-0.2941485817307693,0.009897231470793135,-0.21227621483375955,69,-0.1875,0.36647597982451696,-0.08497293677878022,54,-0.4,0.0527035614531459,-0.16366687714463277,66,0.25,0.09452762512811808,0.15747205561079383,54,-0.10256410256410256,0.5425593683983767,-0.051510694671895126,66,-0.25,0.15400732161945105,-0.13413083408881835,54,-0.5454545454545454,0.0024603534770273917,-0.2562088994104572,66,-0.5645161290322581,0.05269317487743828,-0.18518068656011769,54,-0.3559322033898305,0.18129015056784825,-0.11490014166039306,66,-0.0,0.5906275481651588,-0.046044503370335714,69,-0.0425531914893617,0.07041764689429052,-0.1529721906237946,69,-0.0,0.758867371918779,-0.02565161627527262,69,-9.559141867683332,0.01624804225427256,-0.19778346121057117,69,Verušičky,50.140984,13.172377,582.0
0-203-0-11102044001,68,-0.0032024494580440875,0.23700688165488948,-0.09887435004048115,68,-0.02492860470795144,0.0029309204108394884,-0.24670763827919223,68,-0.012478956228956228,0.2603519311848457,-0.09444227490871149,68,-0.09061363305888856,0.0018549738227161367,-0.2581211589113257,68,0.0040781853281853285,0.9068142552112604,0.010681789479644956,57,-0.07130818407842157,0.14429205544010512,-0.125,64,-0.040530303030303014,0.32389221365363996,-0.08267306846373107,68,-0.20098256101101103,0.01072850936792546,-0.21158911325724317,68,0.054093567251461985,0.8148995531526467,0.021370312948096805,57,-0.048980407836865254,0.8077059223970767,-0.020895615485239626,64,0.24662162162162163,0.2706930135353691,0.10031349933933614,57,0.030303030303030304,0.8121658186654788,0.020444059809475616,64,0.03279569892473118,0.8959087090122317,0.01194600037842415,57,-0.4023809523809524,0.04080074460551441,-0.17557887136685546,64,-0.0,0.3201102481091168,-0.09506448836345702,57,-0.3888888888888889,0.12181703772766414,-0.13627163625544614,64,-0.0,0.20070512069089785,-0.11246265717244276,68,-0.06451612903225806,0.0027007993113329614,-0.25688835187131703,68,-1.0,0.19570824585146407,-0.10820961985218729,68,-8.684687610632354,0.0028313507543415205,-0.24758560140474098,68,Manětín,49.992466,13.22757,436.0
0-203-0-11102119001,68,-0.0075038461538461535,0.04685406494224333,-0.16597148492627353,68,-0.008076160267515104,0.015787511149238192,-0.2001755926251097,68,-0.024375,0.039529402154899744,-0.17245779873079384,68,-0.027635332358669114,0.015334638975092211,-0.20105355575065847,68,-0.021057692307692326,0.5702621833992152,-0.05374002869531445,53,-0.029490823529411764,0.39819423960380185,-0.08244897959183674,50,-0.10500000000000002,0.0674250359540982,-0.15289858683609095,68,-0.11355628885521885,0.0316248078278914,-0.17822651448639157,68,-0.16904761904761906,0.41604499218159774,-0.07714734292932963,53,-0.2,0.36171084655093066,-0.08934501264266846,50,0.11429608127721336,0.5444414746555538,0.057475631954430804,53,0.125,0.6333720510348877,0.04672170385901011,50,-0.3288288288288288,0.08846249686859976,-0.16180912745657625,53,-0.2777777777777778,0.20333885472019464,-0.12474531203208107,50,-0.33072916666666663,0.11681194968019958,-0.15453110783748314,53,-0.21875,0.2615396983825473,-0.11339495121004622,50,-0.02702702702702703,0.044356923364132154,-0.17573085044599215,68,-0.03125,0.02340457664647631,-0.19810294145774748,68,-2.7605731225296446,0.03267731634039755,-0.17836402246743532,68,-2.903825672147436,0.011746853054245473,-0.20895522388059698,68,Slabce  Modřejovice,49.992453,13.690636,389.0
0-203-0-11302052001,68,-0.018466874367007592,0.021850697518649015,-0.1907079332007032,68,-0.10779755724691913,0.0019226127523514383,-0.257243195785777,68,-0.056963183421516767,0.025360751850427597,-0.1863993235861711,68,-0.3864030289498248,0.0012423478380475005,-0.2677787532923617,68,-0.017333333333333378,0.6099877739610706,-0.04560070349746299,59,-0.2685715674603174,0.0392277199409874,-0.17232021709633652,67,-0.16754385964912277,0.07781590377018491,-0.1467943222593483,68,-0.5550144641203705,0.014893242398616096,-0.20193151887620717,68,0.07407407407407407,0.7986500717313756,0.022860590563749103,59,-0.42857142857142855,0.023677971102701412,-0.18944068402005104,67,0.1111111111111111,0.530020769910395,0.056321911432897845,59,0.041666666666666664,0.7493771439828645,0.026867657756351793,67,-0.15789473684210525,0.3951599924242112,-0.07617957924946173,59,-0.46153846153846156,0.00239023175110594,-0.25500318755976686,67,-0.16279069767441862,0.4503816755764565,-0.06918095808473576,59,-0.4666666666666667,0.03560680602317496,-0.1800724915780309,67,-0.05217785843920145,0.013745488473631103,-0.2115361007854451,68,-0.08823529411764706,0.004466137707015759,-0.24247929522452855,68,-6.7666666666666675,0.01225298681540522,-0.2083252942354102,68,-37.719063349682386,0.002463201364776951,-0.2510974539069359,68,Šemnice  Radošov,50.277061,12.994221,351.0
0-203-0-11303060001,67,0.0031564799832976666,0.37478965482047577,0.07422495487338822,67,-0.009016761892583125,0.11283549081238353,-0.13251922207146088,67,0.005874125874125876,0.657944266957248,0.037322145830768594,66,-0.03706823611607143,0.04695084351901112,-0.16736596736596737,66,0.0736125270804129,0.16632941646232668,0.12270289966372278,60,-0.06252780952093405,0.13208120028406226,-0.13224043715846992,61,0.08035714285714286,0.30124729878428835,0.08658227135418649,67,-0.1297608265957447,0.05337017108315924,-0.16146540027137044,67,-0.04612937433722163,0.828286623349638,-0.019263533386721807,60,-0.1111111111111111,0.6097544616104489,-0.04498113248547107,61,-0.14065934065934066,0.6053608738627877,-0.045879503322387875,60,-0.043478260869565216,0.8616419886901371,-0.015350960246792262,61,-0.0,0.9237510503719908,-0.008520430784784745,60,-0.2540322580645161,0.2787353100491389,-0.09550037173014801,61,0.13593514328808448,0.2281332541562736,0.11101667405559554,60,-0.15069444444444446,0.4057192889242427,-0.07503103694275748,61,-0.0,0.5291121345908065,0.05517244008406611,67,-0.021739130434782608,0.15955470282691953,-0.12256782403650487,67,1.184615384615385,0.35755436622995906,0.07697537193535327,67,-3.0602897261702173,0.09883776671577157,-0.13794663048394395,67,Velečín  Pastuchovice,50.07036,13.38189,470.0
0-203-0-11303115902,67,0.008505917159763314,2.771655559114847e-06,0.4137799069759799,67,0.0019306796837465982,0.3327135783439429,0.08095884215287202,67,0.026436781609195402,2.366903156424902e-06,0.4179780745923856,67,0.003077344078431374,0.7413222243329518,0.027589326096788786,67,-0.05624999999999999,0.4532179794263096,-0.08372723043020276,39,-0.01952557500000001,0.6700591483829517,-0.04347826086956522,46,0.25757575757575757,1.1303672000502693e-06,0.43014500436261904,67,0.029296522592592595,0.505655751981273,0.055630936227951164,67,-0.08333333333333333,0.8181633569727957,-0.025710513642803412,39,-0.4838709677419355,0.052170332571024235,-0.1988375779606304,46,-0.0,0.9806900611134916,0.002708207799527066,39,-0.55,0.030083848061824257,-0.22211612367309444,46,-0.12903225806451613,0.6896620903791951,-0.04465510264276382,39,-0.3333333333333333,0.11590265123355704,-0.16093160989560573,46,-0.0,0.9514997507895344,0.006987500897217009,39,-0.0,0.3710878384815597,0.0956703548692072,46,0.045454545454545456,1.3846318604374635e-06,0.4341801436753897,67,-0.0,0.2721739648004291,0.0985957970005537,67,2.9814814814814814,1.8807943218486714e-06,0.4207341911268367,67,0.6173400900000003,0.3436303865529171,0.07914970601537767,67,Chomutov,50.46225,13.39711,362.0
0-203-0-11401004201,69,-0.05375140872892109,0.16197212811870543,-0.11508951406649616,69,-0.06734078373988157,0.01671412511442054,-0.19693094629156008,69,-0.30351783633033624,0.022664184750474662,-0.18763327932072393,69,-0.2863022904398148,0.0009513524628612566,-0.27195225916453536,69,-0.2735294117647058,0.07954040002725879,-0.146573177239748,67,-0.19102936133612447,0.035137190824588604,-0.17471466198419663,68,-0.4591360476663354,0.11179522926218262,-0.1309447911424182,69,-0.43379891005291016,0.025934434386209907,-0.18329070758738278,69,-0.3,0.111540695809261,-0.13336415422440395,67,-0.5763403263403264,0.0031338167393449353,-0.24570790433820858,68,-0.16666666666666666,0.2837907715036305,-0.08998057447281373,67,-0.038461538461538464,0.8075697124490614,-0.020273407609963198,68,-0.2727272727272727,0.10909543490916011,-0.13445503338171125,67,-0.4,0.0040357836219554605,-0.2395795233898291,68,-0.0,0.9913380806040453,-0.0009286089870635893,67,-0.32188160676532773,0.14285137335893552,-0.12448198414692277,68,-0.0,0.8475159211958635,-0.016245884035851227,69,-0.0367003367003367,0.1779512841545684,-0.11408294709142436,69,-15.001260504201682,0.2502045482743879,-0.09462915601023017,69,-20.973220297847547,0.01976483214013959,-0.1918158567774936,69,Boleboř,50.537395,13.415082,600.0
0-203-0-11401043001,68,-0.027122322883893712,4.480707567280647e-05,-0.34071877150057867,68,-0.021679343607036286,0.0006272771174988963,-0.2835820895522388,68,-0.07524972253052165,8.776898917141815e-05,-0.3323240544543169,66,-0.053381914983165,0.001905156453107933,-0.26153846153846155,66,-0.08222222222222228,0.02295940006816566,-0.2052058487338459,58,-0.02499856808510633,0.40932488546762036,-0.07441016333938293,58,-0.23060200668896325,0.00023432225014165053,-0.3076387415956014,68,-0.12105551463414627,0.054004789301877756,-0.1597892888498683,68,-0.3333333333333333,0.14356068997141036,-0.13224192430963486,58,-0.25,0.256855912647485,-0.10248665688724783,58,-0.018518518518518517,0.9091782441068352,-0.010328161440414999,58,0.08823529411764706,0.5593220503360876,0.05292050103907693,58,-0.30434782608695654,0.07534858929290549,-0.1610961299716891,58,-0.2413793103448276,0.19994579565925008,-0.1160399314776038,58,-0.3181818181818182,0.2055060726231025,-0.11729943365096744,58,-0.30434782608695654,0.13999933332710549,-0.13730564042659477,58,-0.06666666666666667,0.00014937670740404433,-0.32813589819355204,68,-0.047619047619047616,0.0027947437064883927,-0.2591398700260013,68,-7.114784946236561,7.686273452379087e-05,-0.33009896563562563,68,-4.8466131374,0.004861210501220644,-0.23353819139596135,68,Měrunice  Žichov,50.47908,13.79031,367.0
0-203-0-11401056001,64,-0.07894447502408146,0.00025067511065498697,-0.3134920634920635,64,-0.24316289810048963,8.159611881896736e-05,-0.33730158730158727,64,-0.2502422480620155,0.00034299180625885434,-0.306547619047619,64,-0.6583228527777094,0.00025067511065498697,-0.3134920634920635,64,-0.21851851851851853,0.009879345518806433,-0.22273425499231947,63,-0.42730204536710725,0.008530842713251843,-0.2251984126984127,64,-0.44330357142857146,0.0023508457754443943,-0.26074020594744046,64,-0.6978863222222222,0.011536315265496231,-0.21626984126984125,64,-0.2857142857142857,0.05606672273650802,-0.16568245274392368,63,-0.5714285714285714,0.005035214740679048,-0.24091734097823328,64,0.18181818181818182,0.254651760828855,0.09874097938940082,63,0.20881782945736435,0.16597862511674888,0.11923369086870242,64,-0.43636363636363634,0.0035740449582004367,-0.2528361878386864,63,-0.4743421052631579,7.732825341074005e-05,-0.33981407935688024,64,-0.65625,0.003969893229690081,-0.2551816416698829,63,-0.6774193548387096,0.0028630561257295536,-0.26177285596769734,64,-0.10582306830907054,8.004643047261155e-05,-0.347338982636062,64,-0.12861869313482216,3.312639110822104e-05,-0.364626049022361,64,-23.305050505050495,0.00014433674123537387,-0.3253968253968254,64,-63.14255256134,0.00020897013382791612,-0.31746031746031744,64,Hrob  Křižanov,50.654,13.71953,360.0
0-203-0-11403025001,68,-0.007890310771744562,0.3515232918917268,-0.07726075504828797,68,-0.017306148089074616,0.02841792611065191,-0.18173836698858645,68,-0.026491384432560945,0.27551905503328833,-0.09043020193151886,68,-0.05801460558472295,0.027661421079558896,-0.1826163301141352,68,0.04020146520146525,0.46866229579159335,0.06153846153846155,65,-0.03364495212241461,0.4375450898115022,-0.06646825396825395,64,-0.04624999999999999,0.6952468994644585,-0.03252750080885251,68,-0.1318681097560977,0.08829232813432582,-0.141352063213345,68,-0.16666666666666666,0.37403683263578,-0.07560810162267304,65,-0.28,0.22587625171212367,-0.10390282028408035,64,0.067816091954023,0.6710377748033197,0.036205952884488975,65,-0.022222222222222223,0.8665277956378913,-0.014453189656377378,64,-0.2211111111111111,0.18139955747127667,-0.11390046287985697,65,-0.28102564102564104,0.1319145918664231,-0.12928931061134924,64,-0.3181818181818182,0.15254857373163577,-0.12430122342570137,65,-0.22956989247311826,0.3523754425608364,-0.08158034424603915,64,-0.0367003367003367,0.049124133219871684,-0.16980475801955078,68,-0.050423728813559325,0.012880423718139872,-0.21387272678007152,68,-3.2919327006039687,0.22342074712581705,-0.10096575943810358,68,-6.648102732804457,0.016728671094204346,-0.19841966637401226,68,Mimoň,50.65975,14.72494,278.0
0-203-0-11405014001,68,-0.019273078179485335,0.4089342127500064,-0.06848112379280069,68,-0.07700274976417804,0.04540254477634581,-0.16593503072870938,68,-0.07319089854111407,0.21547293547817548,-0.10272168568920104,68,-0.25470645812904075,0.029984533396902283,-0.17998244073748898,68,0.03255813953488377,0.676907183864428,0.03482587064676617,67,-0.09563090665253123,0.3836148520587136,-0.07281772953414745,67,-0.04952830188679241,0.7387581621931818,-0.027674067066093818,68,-0.2563518538324421,0.18926262607070787,-0.10886742756804213,68,-0.125,0.38054446562730637,-0.07351982681823115,67,-0.2857142857142857,0.10674367812364295,-0.13524017525822768,67,0.11627906976744186,0.39531633876791683,0.07146253423316555,67,0.09090909090909091,0.4042685978512771,0.07024195324700185,67,-0.25,0.11645954804465106,-0.13172959351586574,67,-0.26666666666666666,0.08130470260928453,-0.14639890944113435,67,-0.30434782608695654,0.16799194375586746,-0.11798959384840109,67,-0.3888888888888889,0.07126307902211648,-0.1549637215994223,67,-0.07142857142857142,0.004764110398672914,-0.24089192019629194,68,-0.1,0.0006436675530136207,-0.28953772835682623,68,-8.964516129032255,0.26177693475262487,-0.09306409130816505,68,-26.498818509333347,0.023477364820078974,-0.18788410886742754,68,Chřibská  Horní Chřibská,50.85289,14.52456,440.0
0-203-0-11428,64,-0.005816069958748323,0.1678692615321815,-0.11823162657890503,64,-0.01291824437492225,0.01448888707609385,-0.2093253968253968,64,-0.021409472880061117,0.14737681772580905,-0.12437866360261682,64,-0.043605123848867285,0.013583879961727306,-0.21130952380952378,64,0.04526825633383011,0.4488730514527658,0.06900883725582008,57,-0.021721944230769317,0.6706596133359874,-0.039832285115303984,54,-0.0728219696969697,0.3076323293648894,-0.087825925873639,64,-0.15719468120567376,0.021774742971936847,-0.19642857142857142,64,0.06066176470588235,0.7566682840083667,0.028293158791004563,57,0.02631578947368421,0.8931409580073668,0.012627242356704232,54,0.237468671679198,0.2529828346648779,0.1044692327041595,57,0.27906976744186046,0.12600093986864477,0.14396241355082598,54,-0.16666666666666666,0.3818285770144898,-0.07990000748847734,57,-0.18181818181818182,0.35870589568213374,-0.08619515292596526,54,-0.3111111111111111,0.11086241688846733,-0.14995558684082766,57,-0.3888888888888889,0.03344853516823754,-0.20598909087884243,54,-0.03125,0.020228226115874968,-0.20846332533609366,64,-0.047619047619047616,0.0029206944033640147,-0.2672741375215911,64,-2.2233924611973395,0.09746436335929823,-0.14214739821021913,64,-4.66308844108333,0.005616801902680255,-0.23710317460317462,64,Domažlice,49.444716,12.922385,458.0
0-203-0-11455,66,-0.009666666666666667,0.01834639550966402,-0.19929947245359111,66,-0.01286409230119681,0.00658278383761078,-0.22890442890442889,66,-0.02944078947368421,0.029155051419145286,-0.184328620062711,66,-0.040447508166666674,0.009293382763991222,-0.21916531255530397,66,0.06155303030303032,0.2109171769856204,0.11504717850254541,56,0.018969346498227027,0.7132372795071571,0.03376623376623377,56,-0.10000000000000002,0.1094586398742808,-0.13581260450405153,66,-0.09494116666666663,0.08523152364817407,-0.14498834498834498,66,0.0625,0.7719246984344004,0.026718972538217103,56,0.05263157894736842,0.7773299277121014,0.026075818758523796,56,0.4017543859649123,0.03764939916232341,0.19178282129043372,56,0.5084843255680185,0.010064326026351406,0.23744539778815604,56,-0.34028340080971664,0.19336584328761697,-0.11979207286334896,56,-0.08333333333333333,0.7719246984344004,-0.026718972538217103,56,-0.5833333333333334,0.0023020743294719283,-0.2904950116243929,56,-0.4772727272727273,0.012623518559756264,-0.23611349268735984,56,-0.04477611940298507,0.0006187649231690952,-0.3028337691016174,66,-0.05263157894736842,0.000363990427121,-0.3138132544938749,66,-3.4631578947368418,0.009721297557197773,-0.2185321817359968,66,-4.552683191736842,0.004371048737263361,-0.24009324009324007,66,Klatovy,49.39042,13.303016,421.0
0-203-0-11501049001,67,-0.023061043566362717,0.11783399519558323,-0.13071008593396655,67,-0.028928287602633572,0.008675374334191115,-0.21935775667118956,67,-0.07452140619561422,0.09133067226902404,-0.14114454104568327,67,-0.09257494537858221,0.00405927244949901,-0.24016282225237454,67,-0.044484848484848426,0.5491461775384578,-0.051715309779825906,63,-0.10246259999999999,0.0743529053685635,-0.1527777777777778,64,-0.1708333333333331,0.2092869994359443,-0.10500115567454918,67,-0.246551625,0.022711624275139584,-0.19041157847128,67,0.10714285714285714,0.6350553243568618,0.041120840124945615,63,-0.08166666666666667,0.7237284909781931,-0.030340824797105332,64,0.16,0.33056978179372143,0.0842977222561385,63,0.1644144144144144,0.2810338632254764,0.09272298661794628,64,-0.08333333333333333,0.5933360862908088,-0.04630876008370538,63,-0.18707482993197277,0.31607306853286543,-0.08613453131439033,64,-0.2641509433962264,0.3537301207304334,-0.08171798645546959,63,-0.3333333333333333,0.22486164742161074,-0.10603766722235963,64,-0.05357142857142857,0.04096134926141515,-0.1760958589079805,67,-0.07142857142857142,0.006575621507185068,-0.23428367233550035,67,-7.870731707317072,0.0804775647068781,-0.1460877431026685,67,-10.43190432529412,0.006488894548479418,-0.22749886928991409,67,Šluknov,51.002722,14.45525,352.0
0-203-0-11583,67,-0.02535599512411347,0.45500311548301464,-0.06262800062293765,67,-0.0246524766810791,0.32734009734639236,-0.08186341022161919,67,-0.08950477626948208,0.361053072454672,-0.07710301419097577,66,-0.11630075190327381,0.19342470374756093,-0.10955710955710957,66,-0.09846153846153848,0.3396861575634804,-0.0853551629567897,59,-0.04424622329545456,0.6478910762589307,-0.03942652329749103,63,-0.0,0.9740841427242439,-0.0027279299895863543,67,-0.007415647058823412,0.9956822506734994,-0.00045228403437358667,67,-0.34210526315789475,0.14824379584412367,-0.12977242424269628,59,-0.4897959183673469,0.031282123920108644,-0.18644156325367647,63,0.2826086956521739,0.08061318385250545,0.157248424907368,59,0.16,0.3394215688544443,0.08290555242775664,63,-0.5666666666666667,0.01952969581624315,-0.2093854607201388,59,-0.5128205128205128,0.01575229205786149,-0.20914832125942232,63,-0.7446808510638298,0.009055219522366317,-0.23817599604174158,59,-0.5833333333333334,0.04772663964957712,-0.1743897491178455,63,-0.06060606060606061,0.08231294405862793,-0.1490041810912456,67,-0.075,0.04131977716337184,-0.17441230343836306,67,-9.117073170731706,0.38637881487938186,-0.07261217463529003,67,-8.886537343697672,0.2913124087213592,-0.0881953867028494,67,Černovice  Dobešov,49.3575,14.9625,580.0
0-203-0-11644,69,-0.7928344566301099,2.373694831909538e-05,-0.34782608695652173,69,-0.19305317885573386,0.032845985448173645,-0.175618073316283,69,-1.7688980800653595,7.920541664410951e-05,-0.3248081841432225,69,-0.3858240935791743,0.13851552652051993,-0.12190963341858482,69,-1.5215914786967422,0.00010248269128128909,-0.31969309462915596,69,-0.3186846489120004,0.13851552652051993,-0.12190963341858482,69,-2.796551724137931,2.6589154192578646e-05,-0.34606377702911195,69,-0.3574030683760684,0.33535179573008866,-0.0792838874680307,69,-0.0,0.9256972800275165,-0.0077055500561615834,69,-0.375,0.01270721022132908,-0.20568846431868792,69,-0.05454545454545454,0.6521065111091071,-0.037331870535325204,69,-0.07692307692307693,0.5374424029107219,-0.0510852050723498,69,-0.14459930313588848,0.12638569276618697,-0.12642135529715726,69,-0.09280792420327304,0.3868314024047065,-0.07162909273655801,69,-0.0,0.5360706365622737,-0.05234506084138609,69,-0.0,0.9751245211315958,0.0026338721196683974,69,-0.0,0.5958333906482058,-0.044897775854487953,69,-0.0,0.9875631557955145,-0.0013154501786662015,69,-162.0135416666667,0.002850636992996355,-0.2455242966751918,69,-28.458672229955305,0.361981993629685,-0.07502131287297528,69,Benecko,50.6713,15.5499,780.0
0-203-0-11762,63,-0.0707624716553288,1.791278963144878e-05,-0.37115111992836336,63,-0.10121244856290341,2.7122004152866956e-06,-0.40501792114695334,63,-0.0889516129032258,0.0050964972386987805,-0.24261295673717911,63,-0.11715432851360545,0.0013332750673607117,-0.27700972862263185,63,-0.0662037037037037,0.2859290079221899,-0.1001402770087171,54,-0.053891291358024784,0.2992168761734574,-0.09629629629629631,55,-0.242,0.03838654866308001,-0.1793434007851066,63,-0.25040661818181814,0.023110238460804143,-0.19610855094726057,63,-0.45614035087719296,0.06205822893214883,-0.17550200257421755,54,-0.375,0.13849957180473263,-0.1378853731758727,55,0.2,0.32827077917754044,0.09186592235539486,54,0.5,0.013544087566266664,0.22996502251334608,55,-0.42857142857142855,0.0610666401374503,-0.17589417385705106,54,-0.4,0.03986239123980712,-0.1913470782807766,55,-0.5384615384615384,0.05773305077926562,-0.1830459277224318,54,-0.8305084745762712,0.003847805976534309,-0.27387289968714257,55,-0.0625,0.004941322658367416,-0.2518384238141312,63,-0.09259259259259259,0.0002264201579617232,-0.32979381741614777,63,-8.4,0.008142855063973923,-0.22901246654605423,63,-11.578384765937502,0.0015708240877690906,-0.27291346646185355,63,Krnov,50.078,17.6922,360.0
0-203-0-11765,69,-0.003407144466982197,0.5374132645640786,-0.050953201737837454,69,-0.006001195334787152,0.39563609853704673,-0.06990622335890878,69,-0.014030222437137332,0.44924777813601036,-0.06252746042805357,69,-0.023278622376270878,0.2859806747451862,-0.0878090366581415,69,0.02513440860215051,0.6098873645371456,0.04519774011299435,60,0.03820800919540225,0.3590449986773969,0.07985193019566368,62,-0.0,0.9462793288455021,-0.0055735124309345555,69,0.026547552564102572,0.8197249686042841,0.01875532821824382,69,-0.4117647058823529,0.1210369559592933,-0.13795221637973118,60,-0.14893617021276595,0.5000904195448101,-0.058854925810393185,62,-0.0,0.9389685781231555,-0.006814399046333098,60,0.18032786885245902,0.27406680797058003,0.0956695692309398,62,-0.2777777777777778,0.2182547277135547,-0.10931782890396124,60,-0.30303030303030304,0.12428224931618513,-0.13414681288314842,62,-0.2916666666666667,0.22387046656523713,-0.11057805447143963,60,-0.5675675675675675,0.010083649428082651,-0.23001527897568286,62,-0.017246506095747842,0.26909181402570814,-0.09448372311094837,69,-0.034482758620689655,0.06072066098838587,-0.1607870167988531,69,-1.463571428571428,0.41582257691241764,-0.06725290424431436,69,-2.226612228930329,0.2588410463376084,-0.09292412617220802,69,Bělotín,49.5869,17.8042,306.0
0-203-0-11781,67,-0.013314773346244632,0.0391798031604924,-0.1727112323871469,67,-0.013610688379836311,0.01015596624347974,-0.21483491632745366,67,-0.027777777777777776,0.14810407880354906,-0.12153182573410956,67,-0.03460996602917264,0.045841276859231395,-0.1668928086838535,67,0.025143715143715113,0.536132720707114,0.05481774731415869,60,0.0017251895586616634,0.9670542668870032,0.003759398496240602,57,-0.1111111111111111,0.22945088288838822,-0.10079530226205177,67,-0.09641045625,0.1743709862787547,-0.11352329262777026,67,-0.0,0.9694648289558077,0.0034033166734457254,60,-0.08333333333333333,0.7514088936261231,-0.02894930544814059,57,0.33072916666666663,0.06895591201499082,0.16216626387608174,60,0.25357142857142856,0.2501091590696304,0.10519835836287283,57,-0.30971786833855797,0.18665329177496992,-0.11731425650365683,60,-0.31180555555555556,0.16425907375555016,-0.12696480045633984,57,-0.37339971550497864,0.13484128181844585,-0.13654831228580955,60,-0.42750582750582755,0.06016203337613848,-0.17710784162971305,57,-0.038461538461538464,0.03485904031074019,-0.18380588202335338,67,-0.045454545454545456,0.013101957096050167,-0.21599482155323432,67,-2.8823529411764706,0.12960462027048394,-0.12701348021371806,67,-3.639301985237838,0.030834843974851676,-0.1804613297150611,67,Bohumín  Záblatí,49.882,18.3692,237.0
0-203-0-11789,66,-0.06258094357076781,0.092492579566633,-0.1417579893974732,66,-0.12607352321725496,0.07034976509992498,-0.15244755244755243,66,-0.15836936090225565,0.05567791074662766,-0.16250000000000003,65,-0.38623473035243183,0.025708581106004644,-0.18942307692307694,65,-0.12497236805747447,0.21503637523360497,-0.10615079365079365,64,-0.364404189464579,0.03114403969007945,-0.1845238095238095,64,-0.12142857142857137,0.576176221246306,-0.047130211845671934,66,-0.3448976086956521,0.23849209551543948,-0.09930069930069929,66,-0.21428571428571427,0.26586439822562613,-0.0955705154293818,64,-0.5263157894736842,0.008222870184857864,-0.22709343577353475,64,0.019230769230769232,0.8346924502119911,0.017982457677786196,64,0.06,0.6262528955527287,0.0420225301158322,64,-0.08333333333333333,0.465207569040769,-0.06284383855345245,64,-0.375,0.04942760654337183,-0.16912226445393355,64,-0.23333333333333334,0.20612688011026692,-0.11173200090452966,64,-0.3783783783783784,0.07485704881495345,-0.15717998317999018,64,-0.023809523809523808,0.30423092217134795,-0.08885357851264739,66,-0.041666666666666664,0.2159926889516215,-0.10647424240256187,66,-8.750000000000002,0.36996517935209927,-0.07554208645523243,66,-19.36019577345945,0.3273150012164784,-0.0825174825174825,66,Huslenky  Kychová,49.3,18.1261,450.0
0-203-0-11793,67,-0.03962108919715697,0.7331593443256482,-0.02849389416553596,67,-0.013056748607514379,0.9095216105423632,-0.00949796472184532,67,-0.38055555555555526,0.188509898328582,-0.10990502035278156,67,-0.288105656328125,0.3220232792869,-0.08276797829036636,67,-0.42822966507177035,0.09237827500311507,-0.14066033469018546,67,-0.31010565021163927,0.24027471412140033,-0.09814563545906832,67,-0.6200000000000003,0.19955113357111331,-0.107532302789694,67,-0.2944307894736844,0.5480537967099366,-0.05020352781546812,67,-0.08333333333333333,0.6376865767965988,-0.0395098667952526,67,-0.14285714285714285,0.38348017129340795,-0.07311596039121457,67,-0.125,0.306261786196351,-0.08587094535927672,67,-0.07142857142857142,0.5957741905903307,-0.044515517808809794,67,0.20588235294117646,0.20716846910090092,0.10595883098970091,67,-0.08333333333333333,0.5919713558287865,-0.045041734122553835,67,0.30434782608695654,0.21178471569360313,0.1068919810615556,67,-0.0,0.9696758367154142,0.0032555671102186073,67,-0.0,0.6996593739766757,0.033179812537996886,67,-0.0,0.8748671334374684,-0.013506741773546263,67,-18.025000000000034,0.5552872133711637,-0.049298959746720945,67,-6.718988709999947,0.8076037393417375,-0.020352781546811402,67,Bílá  Salajka,49.4132897,18.4206592,725.0
0-203-0-11794,69,-0.023122441600702405,0.6337071458494143,-0.0392156862745098,69,-0.2835971635546253,0.01719190575624806,-0.19607843137254902,69,-0.07919642857142853,0.5972837086303283,-0.043478260869565216,69,-0.7662345656876933,0.01368413037287814,-0.20289855072463767,69,-0.014124083977025189,0.8905340777290904,-0.01141352063213345,68,-0.5661517932163744,0.027350822731120838,-0.18158567774936063,69,-0.11493055555555551,0.6786095041551359,-0.0341005967604433,69,-0.9662536449864507,0.03828347596371106,-0.17050298380221654,69,-0.27525252525252525,0.0862281245992222,-0.14292184129405722,68,-0.463527851458886,0.004821617133080849,-0.23307934453977336,69,0.0754985754985755,0.5320548126905174,0.052097988356509056,68,0.0734006734006734,0.5071660019304788,0.0548894968686766,69,-0.24404761904761904,0.17521288229283127,-0.11297598840688745,68,-0.33666666666666667,0.03588237503794493,-0.17333761938638936,69,-0.20606060606060606,0.25271312962863457,-0.0976278599174177,68,-0.471969696969697,0.024996288301261205,-0.18958589262720507,69,-0.08333333333333333,0.01127459794996424,-0.2131641828766121,69,-0.125,0.00011169828233068803,-0.3266784700509331,69,-16.182352941176475,0.3250623350308004,-0.08098891730605284,69,-105.55796904586111,0.00468374535825624,-0.23273657289002556,69,Horní Bečva,49.4311,18.2983,565.0
0-203-0-20101025001,68,-0.0,0.9535386482370428,-0.004851209674963087,68,-0.02907990914575142,0.3248340125357654,-0.0816505706760316,68,-0.030509100873551014,0.6525526432991668,-0.03748662021562385,68,-0.17628947685590277,0.02221045093238061,-0.189640035118525,68,-0.2341592261904764,0.005110777416914276,-0.24809269145273882,60,-0.15405401486291492,0.04540254477634581,-0.16593503072870938,68,-0.08663946965833755,0.6298066511982509,-0.04013273458378554,68,-0.18972808367346927,0.18222444353252965,-0.11062335381913957,68,-0.375,0.08157648466098134,-0.15471880205554742,60,-0.35690653432588915,0.05463080903497109,-0.1597364414318547,68,0.2,0.25869411768708506,0.10065611886245839,60,-0.0,0.9156588014510866,-0.00882233588234921,68,-0.375,0.06708212224311433,-0.16293121852256318,60,-0.3194682675814751,0.0701560899637064,-0.15079511658884023,68,-0.4913793103448276,0.08076979505638708,-0.15817358422221547,60,-0.14154411764705882,0.5070843944263808,-0.05618278842173082,68,-0.0,0.8397483296829438,-0.0173408920015927,68,-0.029857397504456328,0.22906362879621067,-0.10284037434035263,68,-3.325000000000001,0.5565773622073984,-0.04895311581099115,68,-12.162024038382356,0.13004794776234513,-0.12554872695346794,68,Budišov nad Budišovkou,49.797195,17.618216,530.0
0-203-0-20101069001,66,0.005,0.2798422262000215,0.09168170330728041,66,-0.008458887665680473,0.49606462597131673,-0.057342657342657345,66,0.0015567765567765512,0.6056057974989508,0.044039467148767754,66,-0.04504322119963369,0.2659855788164619,-0.0937062937062937,66,0.0414268092105263,0.44760020519635124,0.07186933322810767,53,0.004990655007102255,0.8911065791772297,0.012021857923497267,61,0.13714285714285715,0.1511604146714559,0.121887751549383,66,0.014130909090909295,0.8987153116982216,0.010722610722610723,66,0.16228070175438597,0.5444098845360812,0.057517600292957924,53,-0.3798076923076923,0.0645018753944243,-0.16287462949628181,61,0.043560606060606064,0.823903834180843,0.021129495700362228,53,-0.0,0.9701959122203331,0.0033022309152274487,61,-0.13818181818181818,0.607221955432409,-0.04874515621451727,53,-0.3333333333333333,0.10029996716055013,-0.14489711572850042,61,-0.0,0.605497156591016,-0.050232763700541444,53,-0.3333333333333333,0.18579432412378982,-0.11880526624790527,61,-0.0,0.45740132276530754,0.06562262571756718,66,-0.024390243902439025,0.2938050132234088,-0.0909097850014281,66,1.6386363636363617,0.28230828062941327,0.09123317277697249,66,-1.9254259623333334,0.599068945592587,-0.04428904428904429,66,Nový Jičín,49.6,18.031111,291.0
0-203-0-20101096001,68,0.0019687500000000004,0.6261827230098866,0.04047524090953973,68,-0.0003271204988080416,0.9409247509295375,-0.006145741878841088,68,0.0007038869513219708,0.9114533236329145,0.009249114543221172,68,-0.009038844571593057,0.5115785043261201,-0.054433713784021065,68,0.03838383838383841,0.4332833898206291,0.06825397780772972,62,0.046624299224806265,0.160583177351021,0.12215758857747225,62,0.10373864430468205,0.2661387206940269,0.0925525130020059,68,0.06483147732843136,0.30947079451332904,0.08428446005267777,68,-0.0,0.9709216832004374,-0.0031821933316347997,62,-0.1,0.6661791717910007,-0.037706128936173144,62,0.4090909090909091,0.014823367579204745,0.21318748905145102,62,-0.0,0.9273667894474793,0.007987411818586664,62,-0.10869565217391304,0.6269281159565536,-0.04245183119178773,62,-0.16666666666666666,0.5195965001615238,-0.056188869107177956,62,-0.375,0.11985346130543396,-0.1390293338806378,62,-0.0,0.6167430371500993,-0.04479568986108337,62,-0.0,0.9065249757679279,0.01016068846481881,68,-0.0,0.851913839013012,-0.01612170385341043,68,0.6999999999999997,0.560290427919621,0.04839430978314533,68,-0.06871851095454572,0.9831071688284845,-0.0017559262510974537,68,Fulnek  Kostelec,49.7235,17.93251,340.0
0-203-0-20101117001,66,0.0148,0.0006581050792997842,0.30068175564081845,66,-0.00018930384100347477,0.9867538799059492,-0.0013986013986013986,66,0.028972667403518466,0.003044638811809991,0.26468487539630386,64,-0.03582117483874539,0.27098884214060504,-0.09424603174603174,64,0.12264150943396226,0.03223697448396259,0.23918940758721402,39,0.05499174205882351,0.5182151991297279,0.05993265993265994,55,0.29545454545454547,0.0002664881747552579,0.32197452620397327,66,0.03895268421052609,0.7692871089330642,0.024708624708624706,66,0.0625,0.8275335566908726,0.024407054513623693,39,-0.5263157894736842,0.019757227300056635,-0.2168931296438352,55,0.030303030303030304,0.894105551536956,0.014885034214254609,39,-0.19642857142857142,0.3755847125806753,-0.08257297585836341,55,-0.08333333333333333,0.654295546396098,-0.050135915593584456,39,-0.6101694915254238,0.001262381769345129,-0.30030726469389896,55,-0.0,0.6690790159288496,0.04934282987535515,39,-0.42424242424242425,0.1373400884171831,-0.1410800526907246,55,0.02631578947368421,0.0014520055363760377,0.28916737420391553,66,-0.0,0.8799621489680591,-0.013314935269507066,66,3.575675675675676,0.0009928877910107435,0.2906255096327643,66,-0.0797613992982455,0.9955844463332036,-0.00046620046620046615,66,Bílovec,49.7617,17.9917,290.0
0-203-0-20101139001,65,-0.0,0.4784875119815787,-0.061665447486728954,65,-0.011072267572895712,0.0883616135368757,-0.1447463374372637,65,-0.00941770647652999,0.3398181125767845,-0.08307080200414263,65,-0.039751856028577774,0.037731317153570566,-0.1764847370082252,65,-0.025438596491228073,0.7260973439061951,-0.035748792270531404,46,0.01359412726515154,0.7013230204757065,0.0362844702467344,53,-0.0,0.48203508313146426,-0.061183884110835585,65,-0.10573698194444432,0.20676564463432057,-0.10723731976249104,65,0.09523809523809523,0.7763274368260217,0.02905577524584723,46,-0.2,0.3531996558554814,-0.08809657766389757,53,0.3181818181818182,0.09726398676635534,0.17040439110258432,46,-0.05718954248366013,0.7763997876257661,-0.027037553195922895,53,-0.3448275862068966,0.16675643924373562,-0.14140477286312317,46,-0.5,0.030501197445458796,-0.20509139724291486,53,-0.5490196078431373,0.098275213371287,-0.17241757166054916,46,-0.0,0.6275790514218332,-0.04701578944938139,53,-0.01695402298850575,0.1302747730540711,-0.13520966335219384,65,-0.04081632653061224,0.01998068971949698,-0.20523512732931112,65,-1.5455831903945105,0.3312217236968211,-0.08454133929632195,65,-4.0538666194444435,0.06412602947913623,-0.1572493433288546,65,Příbor,49.6403,18.1342,307.0
0-203-0-20101147002,69,-0.016170692191968778,0.23967156580890803,-0.09682236999781411,69,-0.00922995831273788,0.22156927890987732,-0.10059676044330776,69,-0.03471380471380471,0.34579260774915654,-0.07767825402904383,69,-0.025422930428808388,0.26323588666047015,-0.09207161125319692,69,-0.07918918918918914,0.11775229881120143,-0.13392857142857142,64,0.02499847368421053,0.4877214152708381,0.059907834101382486,63,-0.14407955596669741,0.25662664275359315,-0.09345002117062333,69,-0.026292897994768968,0.7559747189510378,-0.02557544757033248,69,-0.1794871794871795,0.3878860093887243,-0.0741481858619984,64,-0.14893617021276595,0.5730721224714159,-0.04874304775489519,63,0.3333333333333333,0.05427908800183358,0.16583822080625046,64,0.12698412698412698,0.45107234603069046,0.06546538736511152,63,-0.4719601677148847,0.029757636717728145,-0.186801176341581,64,-0.3888888888888889,0.03731945848733575,-0.18027820579074502,63,-0.7473404255319149,0.016164112407732682,-0.2105381370802018,64,-0.4883720930232558,0.06952813108745777,-0.1605888063354637,63,-0.05217785843920145,0.04464487059074241,-0.17045047741204583,69,-0.05714285714285714,0.021532704812745686,-0.19491173643336887,69,-6.841153846153824,0.14267154383754838,-0.12075961639856805,69,-3.68120590526317,0.1252421217408665,-0.12617220801364024,69,Hukvaldy  Rychaltice,49.6428,18.2208,292.0
0-203-0-20101153101,68,-0.004876824302041127,0.47467513764743496,-0.0594585934921361,68,-0.0067446785346854995,0.162275887062849,-0.11589113257243194,68,-0.01444298694298694,0.44889586353784583,-0.0629820656990775,68,-0.02320772784198121,0.12218350158094606,-0.12818261633011413,68,0.026935459718478664,0.6595269819434959,0.04010025062656642,57,0.03009504632928478,0.4142858111051674,0.07231638418079096,60,-0.021525096525096543,0.7911797824536733,-0.02202656850557565,68,-0.07083204988095239,0.3353472886560531,-0.07989464442493414,68,0.3086080586080586,0.22554255106765586,0.11069261203042197,57,0.05718954248366013,0.8783182996844221,0.013597788272980098,60,0.42206477732793524,0.02304357345568184,0.20794285237102295,57,0.13423423423423425,0.5151269980553694,0.057988626783274544,60,-0.05798319327731093,0.8202534056184748,-0.020735238401663737,57,-0.23223039215686275,0.27253575109998396,-0.09745081595635736,60,-0.5185185185185185,0.01815592215055661,-0.2224009110975011,57,-0.21875,0.2500598004681145,-0.10528664948177026,60,-0.01818181818181818,0.2389496572147085,-0.10150311577481513,68,-0.037037037037037035,0.026050790744119135,-0.19235770243362,68,-2.2895833333333337,0.3431828002313778,-0.0788376906303138,68,-2.7474093621009272,0.10527935748054008,-0.1343283582089552,68,Klimkovice,49.7844,18.1347,240.0
0-203-0-20201071001,65,0.001140229830698179,0.8785036472229154,0.012990140500836507,65,-0.004728650861861934,0.5636278829337915,-0.049038461538461545,65,-0.009148759148759155,0.7297951754792923,-0.029376396171866593,65,-0.02945859507698321,0.28717451712092856,-0.0903846153846154,65,0.026294903926482913,0.6691390793128087,0.037863804845862194,60,0.020322637847530366,0.6831361018253428,0.03615819209039548,60,-0.013418290854572735,0.8695775729499282,-0.013959095546302643,65,-0.057765377647058816,0.5334472631525882,-0.05288461538461539,65,-0.3001638001638002,0.34190501375003035,-0.08429994288273562,60,-0.16904761904761906,0.5964680055328639,-0.047039049709195736,60,-0.0,0.9643766010445156,-0.003973932159086907,60,0.18181818181818182,0.36835320712044317,0.08000072431947923,60,-0.03963893249607535,0.8883860114683901,-0.012464639250231757,60,-0.2841614906832298,0.25615852544013473,-0.1008502630246024,60,0.17510944340212634,0.43053726391298486,0.07169227362055365,60,-0.35448717948717945,0.2604507294309446,-0.10170114800612257,60,-0.0,0.7537315834386937,0.027776360797249003,65,-0.0,0.3183984064765448,-0.08814583051156748,65,-0.10055443548387258,0.9503391441229542,-0.005294829345149279,65,-2.03518467245,0.33017658764094726,-0.0826923076923077,65,Lichnov,50.0127428,17.6374406,379.0
0-203-0-20202070001,65,0.030773917131864573,0.03515243866272663,0.1792776289095345,65,-0.0024918627257075566,0.8385020825980152,-0.01730769230769231,65,0.048671871095116746,0.1907464226118999,0.11146031970310387,65,-0.03607250593406594,0.4020952910155766,-0.07115384615384616,65,0.03541666666666665,0.6803484432354161,0.03682057276446522,59,-0.03162238743055559,0.6595269819434959,-0.04010025062656642,57,0.25055555555555553,0.07630903071486858,0.1508802603310947,65,0.019380899649122804,0.8919214874063491,0.01153846153846154,65,-0.28125,0.28341366200607254,-0.09610346920701325,59,-0.3631336405529954,0.1663205581424282,-0.1264559173636531,57,0.1794871794871795,0.32325723006763274,0.08861577119548657,59,-0.0,0.9615523860321364,0.004406722079404804,57,-0.0,0.9895602460719259,0.0011747576664308255,59,-0.2777777777777778,0.23085887747862865,-0.10943474143916718,57,-0.0,0.9633708710870544,-0.004200623670888707,59,-0.0,0.7824908985640135,-0.025647855861227864,57,0.03571428571428571,0.09061567991653237,0.14873518754148626,65,-0.0,0.9139306646763092,-0.009470686238780836,65,8.458428961748634,0.03981482755076368,0.1749825383392568,65,-1.5280644048645151,0.7171064503042393,-0.030769230769230774,65,Melč,49.849444,17.756944,478.0
0-203-0-20203023001,65,0.0021918882612087854,0.8517886792619466,0.015876838389911288,65,-0.007847426981633064,0.2007305245203881,-0.10865384615384616,65,0.014645822413344315,0.6711072656668078,0.03608372361343474,65,-0.02346569431533106,0.17784832771439973,-0.11442307692307693,65,0.10569105691056907,0.037759958529690336,0.18100032165483645,62,0.05202409218749998,0.2805808677281435,0.09643483343074225,59,0.1871467817896389,0.09043855870249348,0.1441316224888093,65,-0.055022954761904774,0.5409152127109731,-0.051923076923076926,65,-0.08333333333333333,0.7290921551950045,-0.030271117596646045,62,-0.2,0.44799673480909663,-0.06801559846898882,59,0.28125,0.07015106660048408,0.15855577461975706,62,0.14,0.42855134934562433,0.07117796066148623,59,-0.3235294117647059,0.08016799377399117,-0.1527452799184704,62,-0.34285714285714286,0.0992784028236704,-0.1477580242602171,59,-0.6,0.022272212058446195,-0.20399673994272458,62,-0.4827586206896552,0.09894879488815435,-0.15193868838107025,59,-0.027402402402402402,0.16091876095355273,-0.12348501375142706,65,-0.045454545454545456,0.019531323195493003,-0.20559296283255835,65,-0.03133064516129002,0.9683864951761784,-0.003367814203920576,65,-3.3624940628999993,0.11037483702198604,-0.1355769230769231,65,Děhylov,49.8701994,18.1648678,292.0
0-203-0-20301001001,65,-0.24713472821092775,0.04268533710848181,-0.17211538461538464,65,-0.14804672786299497,0.1504363713206985,-0.12211538461538464,65,-0.9308388447971779,0.00635676226643755,-0.23173076923076924,65,-0.6030669961053845,0.03145044869191862,-0.18269230769230774,65,-0.8820396909377171,0.0023079555157049006,-0.26091269841269843,64,-0.5266569148883746,0.02385151423246181,-0.19345238095238093,64,-0.8172531769305964,0.1041958917809164,-0.138013949649484,65,-0.5785128464052286,0.14724974459811443,-0.1230769230769231,65,-0.28078817733990147,0.19421115160877722,-0.11161048940753836,64,-0.2777777777777778,0.09281103457121082,-0.14449572289368806,64,-0.0,0.9907515082314229,0.0009970213614832934,64,0.036062378167641324,0.8301930200181026,0.01845877222653552,64,-0.1513911620294599,0.2835502047016971,-0.09238661880546849,64,-0.20317460317460317,0.20852007555814345,-0.10814972949772036,64,-0.0,0.488767730372172,-0.06094750519943099,64,-0.2,0.29182499690304675,-0.09299721030152985,64,-0.05334281650071124,0.09167993866396333,-0.14683263815762818,65,-0.03603896103896104,0.29893119433693505,-0.09015237751017659,65,-72.2203125,0.03422947131578442,-0.17980769230769234,65,-44.09611369478378,0.1504363713206985,-0.12211538461538464,65,Bílá  Hlavatá,49.421292,18.37984,770.0
0-203-0-20301008002,68,-0.002201544374796702,0.9493517820695511,-0.005267778753292361,68,-0.19743078971409714,0.06861747904058389,-0.15100965759438104,68,-0.006177606177606156,0.9870472577746138,-0.00135685210312076,67,-0.5279894687229436,0.044677847861813794,-0.16779737675260067,67,0.09298245614035089,0.5921377391208938,0.044776119402985086,67,-0.2969176376568595,0.18571888411296,-0.10974539069359086,68,0.2903903903903902,0.40591772039694507,0.06896553221232904,68,-0.42369065730837785,0.28974539995022897,-0.08779631255487268,68,-0.10526315789473684,0.5659907555767945,-0.048303940004273606,67,-0.3333333333333333,0.061601159210173444,-0.15561079807072056,68,-0.03225806451612903,0.841248512803302,-0.01681839204939639,67,-0.055050505050505044,0.6795011592288052,-0.034498984897613834,68,-0.16666666666666666,0.3545853193380848,-0.07776377724995216,67,-0.35294117647058826,0.03418565700778275,-0.1762125480446052,68,-0.15555555555555556,0.5150451791576691,-0.05555787766044105,67,-0.2666908563134978,0.28109055683387973,-0.0914515179186235,68,-0.0,0.5664078331237599,-0.04871034162270891,68,-0.058823529411764705,0.08150757439498049,-0.14807240639158517,68,7.558812260536402,0.4980536353545907,0.05618964003511852,68,-38.7334240306718,0.17538226096689435,-0.11237928007023704,68,Staré Hamry  Samčanka,49.468936,18.43389,527.0
0-203-0-20301050204,66,-0.03211233211233211,0.04396286175052031,-0.1697365399364482,66,-0.20519963614608194,0.05343331787929513,-0.1627039627039627,66,-0.11459829059829071,0.013163440766527916,-0.20890651069101313,66,-0.7035793312473959,0.01867306433321341,-0.19813519813519814,66,-0.1506898301956442,0.020794549593378977,-0.1979657714104235,64,-0.5111342686733557,0.027236778295754677,-0.186013986013986,66,-0.32142857142857145,0.04877957862288307,-0.1663945671012622,66,-0.7543052631578948,0.050755791351039185,-0.16456876456876457,66,0.0625,0.7942677073936414,0.02239374740798609,64,-0.42857142857142855,0.015553888613010623,-0.20468608600067606,66,0.25,0.10089280191420581,0.14139766512227653,64,-0.038461538461538464,0.723027063821456,-0.030083273915223148,66,-0.21428571428571427,0.3597544762051691,-0.07884372890928955,64,-0.08333333333333333,0.5424768791436223,-0.05163226834742213,66,-0.5,0.11962027983990832,-0.13593647857342034,64,-0.14,0.4171868307274005,-0.07024403884891524,66,-0.05263157894736842,0.03247717678551442,-0.1864251204991221,66,-0.05,0.020002850129371474,-0.2027266334734547,66,-11.024999999999977,0.041691999336613675,-0.17160177663904652,66,-68.21755910500049,0.035955930374338974,-0.17668997668997666,66,Raškovice,49.622266,18.468383,397.0
0-203-0-20408003001,69,-0.005500900003495157,0.4974383834286171,-0.0558516320513883,69,-0.033996466459625466,0.0478638367998277,-0.1628303495311168,69,-0.029071969696969693,0.3870268106583702,-0.07123055413936105,69,-0.13243361887334285,0.01922487836464198,-0.19266837169650466,69,0.019528619528619513,0.7273531689669426,0.02937062937062937,66,-0.1017131320075758,0.13550545978274095,-0.12379280070237049,68,-0.05400641025641027,0.6862030594258273,-0.03326226315231015,69,-0.20235914199561403,0.14698473072562693,-0.11935208866155157,69,-0.0,0.9382245245411993,0.006552825087222086,66,-0.12771739130434784,0.5710378832720591,-0.04712644076784121,68,-0.10256410256410256,0.5279684832626121,-0.053408938548912356,66,0.135632183908046,0.3219886107600243,0.0826171137938229,68,-0.10869565217391304,0.5536049389312641,-0.050117645771332583,66,-0.2978723404255319,0.08623399788812626,-0.14285853150521705,68,-0.0,0.7687151470542453,0.02531792086187256,66,-0.4540673211781206,0.06872485962008179,-0.1542365664002636,68,-0.0,0.40170314457511325,-0.07143859783040071,69,-0.07142857142857142,0.00624013619729051,-0.23142649767602633,69,-3.232638888888892,0.2790155393700898,-0.0891068022804592,69,-13.064294802963794,0.0203179814541643,-0.1909633418584825,69,Rumburk,50.95156,14.57086,390.0
0-203-0-41001078001,69,0.016307890917930626,0.38136643501409206,0.07208361466797615,69,-0.06636696266091358,0.06519656045803698,-0.1517476555839727,69,0.0008159121699527228,0.9628177314552281,0.0038387723787679604,69,-0.3084806134162628,0.003850332020261196,-0.23785166240409203,69,-0.08975840336134383,0.3753809728735489,-0.0759116867814406,64,-0.30806304034563226,0.003850332020261196,-0.23785166240409203,69,0.11096709870388835,0.4779108074400439,0.058484590361311775,69,-0.5140508303571429,0.01535002282818541,-0.1994884910485933,69,-0.05555555555555555,0.7764150141164146,-0.024433144650348907,64,-0.5,0.006952318989024456,-0.22279353411649983,69,-0.13100686498855835,0.356751515487135,-0.0793228320005175,64,0.054804804804804805,0.7245742184380919,0.02916004521148444,69,-0.07142857142857142,0.6806913707265225,-0.035403127962750455,64,-0.375,0.00861498115516207,-0.2171797608399196,69,-0.0,0.6334868978368751,0.041919923791732594,64,-0.4375,0.06069038090528518,-0.15829250483283291,69,0.019419306184012067,0.3175379486220191,0.08490025174537263,69,-0.017392619479733817,0.46065360758328366,-0.06222255686360071,69,4.431355932203389,0.4341290803543717,0.06440606991044022,69,-18.118122151435173,0.07823236835644234,-0.14492753623188404,69,Velké Losiny,50.038056,17.051365,411.0
0-203-0-41002099001,65,-0.0,0.5936592876756939,0.04667113007934029,65,-0.05238511360730931,0.00017048495694444308,-0.31923076923076926,65,-0.0,0.9436670636122623,-0.006257827179021986,64,-0.18302469202474325,8.159611881896736e-05,-0.33730158730158727,64,-0.11770833333333335,0.0994402296912852,-0.17684727338646306,42,-0.13461577948432746,0.0480238081288415,-0.1751412429378531,60,-0.0,0.4152321966688829,0.07135480191934482,65,-0.36684024999999987,0.0014641416832999721,-0.27019230769230773,65,-0.11538461538461539,0.7124411955646861,-0.03960412831927853,42,-0.24444444444444444,0.2954457270338008,-0.09297105934638489,60,0.24242424242424243,0.3978510822732759,0.09075057450094814,42,-0.0,0.9847286857694124,-0.0017031137824658172,60,-0.375,0.2205538520867093,-0.1317024367705795,42,-0.5527851458885942,0.0027107638321475147,-0.26674508764508753,60,-0.5490196078431373,0.02605239313511279,-0.2515824777225675,42,-0.5833333333333334,0.025990620184816113,-0.20180781018537408,60,-0.0,0.2795014568184492,0.09923202088804496,65,-0.08,0.0002972919528567247,-0.3171007091707343,65,-0.0,0.5545671838475332,0.05171662921541488,65,-16.430012462024038,0.00015569512328287845,-0.3211538461538462,65,Moravská Třebová  Bezděčí  Unerázka,49.7,16.7567,315.0
0-203-0-41003075001,65,-0.004614776143015345,0.25116785915765827,-0.09869382225999677,65,-0.011860320280669731,0.18152087117928373,-0.11346153846153846,65,-0.019588207491433293,0.17237232860727902,-0.11761089033175974,65,-0.057288749452495784,0.09602308626391638,-0.14134615384615387,65,0.03513513513513515,0.4926788290397379,0.06707580487676743,50,-0.11549220476190483,0.097545250455667,-0.14942528735632182,58,-0.028062499999999962,0.5660872441132612,-0.04943289212311644,65,-0.09972372499999999,0.26715785444604256,-0.09423076923076924,65,-0.27586206896551724,0.3661490261711131,-0.08848892592150238,50,-0.21875,0.24566858269463232,-0.10516841692491401,58,-0.0,0.9666294365290622,-0.004095026069377252,50,0.0625,0.7729245267233911,0.026140126750123137,58,-0.10526315789473684,0.5750418539002834,-0.054918494009713645,50,-0.358974358974359,0.06699317795069663,-0.16565610224295235,58,-0.0,0.9865592930861676,-0.0016998974780249418,50,-0.22580645161290322,0.3186984220710022,-0.0925208918413704,58,-0.0186932215234102,0.1491240210060422,-0.12846446397007424,65,-0.03125,0.17967811055138605,-0.11748420178269524,65,-1.629569892473118,0.2262691226012442,-0.10409408415500931,65,-3.991311547942529,0.1742313882480251,-0.11538461538461539,65,Šternberk,49.725,17.2986,278.0
0-203-0-41101014001,68,-0.014044215207911631,0.7427673318146732,-0.027216856892010532,68,-0.21645394354435737,0.08441059659122895,-0.14310798946444248,68,-0.12281746031746031,0.42006015995120904,-0.06739032112166442,67,-0.8659339552447551,0.0076331360453933085,-0.22297602894617824,67,-0.136578947368421,0.46505066327013955,-0.061058344640434206,67,-0.5979456810256408,0.022836276020304608,-0.18876207199297626,68,-0.06776437847866416,0.8613235457299604,-0.01449593989176343,68,-1.0171273035714283,0.020421627182951412,-0.1922739244951712,68,-0.08333333333333333,0.5995477552418151,-0.04403115732326375,67,-0.46153846153846156,0.002328343440332239,-0.2536983903299295,68,-0.0,0.9740846490267916,-0.00273042695119799,67,0.13333333333333333,0.23550453909752866,0.09898582453099619,68,-0.09090909090909091,0.5515306387357726,-0.04998920804045206,67,-0.3806818181818182,0.01339666717300694,-0.20613864872018067,68,-0.0,0.9350081995428768,-0.007013206754900198,67,-0.6363636363636364,0.005745289557083383,-0.23485799570774,68,-0.019230769230769232,0.36627106219448535,-0.07710363516015666,68,-0.075,0.015409495981711237,-0.20624010635938964,68,-9.274028856825748,0.5391924783581717,-0.05092186128182616,68,-81.79031023325639,0.029192187562468396,-0.18086040386303773,68,Velké Karlovice,49.359444,18.286944,518.0
0-203-0-41101034002,66,-0.006722027972027977,0.7692871089330642,-0.024708624708624706,66,-0.05522192667628678,0.12258468935185991,-0.13006993006993006,66,-0.043186795994993754,0.5761995896061454,-0.04708624708624709,66,-0.18115917325630246,0.09357503767376099,-0.14125874125874127,66,0.04321879001757041,0.6918859681811715,0.03365384615384616,65,-0.14248706249999987,0.22978976695012543,-0.10116550116550117,66,0.02000000000000005,0.9206391695443605,0.008409268758511628,66,-0.24556415999999992,0.31650162887331534,-0.08438228438228439,66,-0.20465116279069767,0.2819339173018085,-0.09169952519988486,65,-0.375,0.054080316366133946,-0.16265536334617764,66,-0.024404761904761905,0.829586804132361,-0.018384495198280622,65,0.16216216216216217,0.19509205139037067,0.10983591630269797,66,-0.25,0.16358424417323636,-0.11878431816986579,65,-0.41379310344827586,0.01579381289209382,-0.2041696625176934,66,-0.15217391304347827,0.3973983566429611,-0.07366351207234545,65,-0.6086956521739131,0.008070301196609519,-0.22887176405639115,66,-0.05,0.08718081935209807,-0.14789261653824606,66,-0.06666666666666667,0.03083195444918013,-0.18628044371784452,66,-2.824137931034484,0.682150775057214,-0.03450687899806913,66,-20.36848125941177,0.11222125874287961,-0.1337995337995338,66,Zděchov,49.2639,18.0772,491.0
0-203-0-41101084001,66,0.019832813582813587,0.16128654931612962,0.11839109631521881,66,0.020001448869885464,0.22131572085990536,0.10303030303030301,66,0.019000000000000003,0.6820249303304381,0.03462009615391019,66,0.007914801773049528,0.8899617547517352,0.011655011655011654,66,-0.3333333333333332,0.000872839817174453,-0.2974868497954412,59,-0.07174314515151492,0.41730416562740436,-0.06944444444444443,64,0.043859649122807015,0.7861656987705535,0.022929500867374396,66,0.052136862068965534,0.7440369051039946,0.027505827505827505,66,-0.19047619047619047,0.2863287103504736,-0.09560176497866281,59,-0.43875,0.016701777890642956,-0.20542230559351643,64,-0.2222222222222222,0.28040253296369555,-0.09688891402735242,59,-0.4174242424242424,0.012499911658137249,-0.21458949708960828,64,0.05,0.7835259822019991,0.024626337376702848,59,-0.27823315118397085,0.16253420686737863,-0.11993095834054775,64,0.2978723404255319,0.31265445204538744,0.09215855123223167,59,0.15386473429951691,0.45337935635282534,0.06572250420703304,64,0.06451612903225806,0.005531708636157442,0.24122118541480442,66,0.05555555555555555,0.041999850448084845,0.17617871942464045,66,6.825000000000002,0.12241665329517698,0.13055777024484605,66,8.144976642962968,0.14250189049785073,0.12354312354312354,66,Valašská Bystřice,49.416432,18.106298,458.0
