metric,n_stations,obs_median_slope_per_decade,obs_n_sig,obs_n_sig_neg,obs_n_sig_pos,obs_pct_sig_neg,mod_median_slope_per_decade,mod_n_sig,mod_n_sig_neg,mod_n_sig_pos,mod_pct_sig_neg,slope_agreement_r
mean_swe,303,-0.324,103,103,0,34.0,-0.34,139,139,0,45.9,0.776
mean_swe_djfm,303,-0.867,50,50,0,16.5,-0.992,82,82,0,27.1,0.721
mean_swe_snow,303,-0.816,21,20,1,6.6,-0.939,46,44,2,14.5,0.679
max_swe,303,-2.75,60,60,0,19.8,-3.094,75,75,0,24.8,0.738
dohy_max,303,-5.477,31,31,0,10.2,-4.118,25,25,0,8.3,0.43
dohy_first_snow,303,3.462,17,2,15,0.7,3.462,13,0,13,0.0,0.532
dohy_last_snow,303,-7.407,97,97,0,32.0,-5.806,64,64,0,21.1,0.478
snow_duration,303,-7.778,90,90,0,29.7,-6.781,71,71,0,23.4,0.531
n_snow_weeks,303,-0.625,87,86,0,28.4,-0.769,108,107,0,35.3,0.774
swe_days,303,-81.083,65,65,0,21.5,-96.647,100,100,0,33.0,0.776
